country_iso3,country_name,indicator_code,indicator_name,year,value
BEL,Belgium,gdp,GDP (2011 international $),1900,39957893000.0
BEL,Belgium,gdp,GDP (2011 international $),1901,40316328000.0
BEL,Belgium,gdp,GDP (2011 international $),1902,41141880000.0
BEL,Belgium,gdp,GDP (2011 international $),1903,42072961000.0
BEL,Belgium,gdp,GDP (2011 international $),1904,43160826000.0
BEL,Belgium,gdp,GDP (2011 international $),1905,44398900000.0
BEL,Belgium,gdp,GDP (2011 international $),1906,45318952000.0
BEL,Belgium,gdp,GDP (2011 international $),1907,45994584000.0
BEL,Belgium,gdp,GDP (2011 international $),1908,46459559000.0
BEL,Belgium,gdp,GDP (2011 international $),1909,47335740000.0
BEL,Belgium,gdp,GDP (2011 international $),1910,48572044000.0
BEL,Belgium,gdp,GDP (2011 international $),1911,49702404000.0
BEL,Belgium,gdp,GDP (2011 international $),1912,50883360000.0
BEL,Belgium,gdp,GDP (2011 international $),1913,51569182000.0
BEL,Belgium,gdp,GDP (2011 international $),1914,48291919000.0
BEL,Belgium,gdp,GDP (2011 international $),1915,47717850000.0
BEL,Belgium,gdp,GDP (2011 international $),1916,50476286000.0
BEL,Belgium,gdp,GDP (2011 international $),1917,43351961000.0
BEL,Belgium,gdp,GDP (2011 international $),1918,34929600000.0
BEL,Belgium,gdp,GDP (2011 international $),1919,41206456000.0
BEL,Belgium,gdp,GDP (2011 international $),1920,47690880000.0
BEL,Belgium,gdp,GDP (2011 international $),1921,48513360000.0
BEL,Belgium,gdp,GDP (2011 international $),1922,53254414000.0
BEL,Belgium,gdp,GDP (2011 international $),1923,55170510000.0
BEL,Belgium,gdp,GDP (2011 international $),1924,56977851000.0
BEL,Belgium,gdp,GDP (2011 international $),1925,57860202000.0
BEL,Belgium,gdp,GDP (2011 international $),1926,59818344000.0
BEL,Belgium,gdp,GDP (2011 international $),1927,62022688000.0
BEL,Belgium,gdp,GDP (2011 international $),1928,65265888000.0
BEL,Belgium,gdp,GDP (2011 international $),1929,64705792000.0
BEL,Belgium,gdp,GDP (2011 international $),1930,64091136000.0
BEL,Belgium,gdp,GDP (2011 international $),1931,62952122000.0
BEL,Belgium,gdp,GDP (2011 international $),1932,60109798000.0
BEL,Belgium,gdp,GDP (2011 international $),1933,61411491000.0
BEL,Belgium,gdp,GDP (2011 international $),1934,60899202000.0
BEL,Belgium,gdp,GDP (2011 international $),1935,64654688000.0
BEL,Belgium,gdp,GDP (2011 international $),1936,65114765000.0
BEL,Belgium,gdp,GDP (2011 international $),1937,66000168000.0
BEL,Belgium,gdp,GDP (2011 international $),1938,64496548000.0
BEL,Belgium,gdp,GDP (2011 international $),1939,68889928000.0
BEL,Belgium,gdp,GDP (2011 international $),1940,60692112000.0
BEL,Belgium,gdp,GDP (2011 international $),1941,57493372000.0
BEL,Belgium,gdp,GDP (2011 international $),1942,52541637000.0
BEL,Belgium,gdp,GDP (2011 international $),1943,51331176000.0
BEL,Belgium,gdp,GDP (2011 international $),1944,54339214000.0
BEL,Belgium,gdp,GDP (2011 international $),1945,57597473000.0
BEL,Belgium,gdp,GDP (2011 international $),1946,61003797000.0
BEL,Belgium,gdp,GDP (2011 international $),1947,64650950000.0
BEL,Belgium,gdp,GDP (2011 international $),1948,68524456000.0
BEL,Belgium,gdp,GDP (2011 international $),1949,71306692000.0
BEL,Belgium,gdp,GDP (2011 international $),1950,75214347738.0
BEL,Belgium,gdp,GDP (2011 international $),1951,79502691784.0
BEL,Belgium,gdp,GDP (2011 international $),1952,78879211645.0
BEL,Belgium,gdp,GDP (2011 international $),1953,81405994636.0
BEL,Belgium,gdp,GDP (2011 international $),1954,84754240673.0
BEL,Belgium,gdp,GDP (2011 international $),1955,88773430839.0
BEL,Belgium,gdp,GDP (2011 international $),1956,91353398465.0
BEL,Belgium,gdp,GDP (2011 international $),1957,93064269580.0
BEL,Belgium,gdp,GDP (2011 international $),1958,92953195796.0
BEL,Belgium,gdp,GDP (2011 international $),1959,95889572455.0
BEL,Belgium,gdp,GDP (2011 international $),1960,101044316864.0
BEL,Belgium,gdp,GDP (2011 international $),1961,105965811541.0
BEL,Belgium,gdp,GDP (2011 international $),1962,111422805521.0
BEL,Belgium,gdp,GDP (2011 international $),1963,116335804304.0
BEL,Belgium,gdp,GDP (2011 international $),1964,124534265000.0
BEL,Belgium,gdp,GDP (2011 international $),1965,128900422970.0
BEL,Belgium,gdp,GDP (2011 international $),1966,133004611467.0
BEL,Belgium,gdp,GDP (2011 international $),1967,138196546500.0
BEL,Belgium,gdp,GDP (2011 international $),1968,143933305268.0
BEL,Belgium,gdp,GDP (2011 international $),1969,153505209418.0
BEL,Belgium,gdp,GDP (2011 international $),1970,163013745896.0
BEL,Belgium,gdp,GDP (2011 international $),1971,169133335000.0
BEL,Belgium,gdp,GDP (2011 international $),1972,178026050437.0
BEL,Belgium,gdp,GDP (2011 international $),1973,188915229177.0
BEL,Belgium,gdp,GDP (2011 international $),1974,196850469463.0
BEL,Belgium,gdp,GDP (2011 international $),1975,194240674926.0
BEL,Belgium,gdp,GDP (2011 international $),1976,205206876000.0
BEL,Belgium,gdp,GDP (2011 international $),1977,206503340893.0
BEL,Belgium,gdp,GDP (2011 international $),1978,212370672719.0
BEL,Belgium,gdp,GDP (2011 international $),1979,217343101115.0
BEL,Belgium,gdp,GDP (2011 international $),1980,227067203496.0
BEL,Belgium,gdp,GDP (2011 international $),1981,224240632890.0
BEL,Belgium,gdp,GDP (2011 international $),1982,227394760384.0
BEL,Belgium,gdp,GDP (2011 international $),1983,227376691105.0
BEL,Belgium,gdp,GDP (2011 international $),1984,233018708582.0
BEL,Belgium,gdp,GDP (2011 international $),1985,235344813262.0
BEL,Belgium,gdp,GDP (2011 international $),1986,238862653069.0
BEL,Belgium,gdp,GDP (2011 international $),1987,244504599238.0
BEL,Belgium,gdp,GDP (2011 international $),1988,256045020000.0
BEL,Belgium,gdp,GDP (2011 international $),1989,265237140019.0
BEL,Belgium,gdp,GDP (2011 international $),1990,273278713941.0
BEL,Belgium,gdp,GDP (2011 international $),1991,278686606016.0
BEL,Belgium,gdp,GDP (2011 international $),1992,283358354426.0
BEL,Belgium,gdp,GDP (2011 international $),1993,281005275818.0
BEL,Belgium,gdp,GDP (2011 international $),1994,290433135887.0
BEL,Belgium,gdp,GDP (2011 international $),1995,297763645458.0
BEL,Belgium,gdp,GDP (2011 international $),1996,302924438524.0
BEL,Belgium,gdp,GDP (2011 international $),1997,314576090803.0
BEL,Belgium,gdp,GDP (2011 international $),1998,321240211745.0
BEL,Belgium,gdp,GDP (2011 international $),1999,333121577520.0
BEL,Belgium,gdp,GDP (2011 international $),2000,345706865981.0
BEL,Belgium,gdp,GDP (2011 international $),2001,349015220419.0
BEL,Belgium,gdp,GDP (2011 international $),2002,355705534550.0
BEL,Belgium,gdp,GDP (2011 international $),2003,358937085300.0
BEL,Belgium,gdp,GDP (2011 international $),2004,372499172102.0
BEL,Belgium,gdp,GDP (2011 international $),2005,380840056202.0
BEL,Belgium,gdp,GDP (2011 international $),2006,390874955040.0
BEL,Belgium,gdp,GDP (2011 international $),2007,404721960651.0
BEL,Belgium,gdp,GDP (2011 international $),2008,408290544814.0
BEL,Belgium,gdp,GDP (2011 international $),2009,399489943721.0
BEL,Belgium,gdp,GDP (2011 international $),2010,411261674695.0
BEL,Belgium,gdp,GDP (2011 international $),2011,420934235947.0
BEL,Belgium,gdp,GDP (2011 international $),2012,424045845634.0
BEL,Belgium,gdp,GDP (2011 international $),2013,425993254852.0
BEL,Belgium,gdp,GDP (2011 international $),2014,432717694183.0
BEL,Belgium,gdp,GDP (2011 international $),2015,441551470878.0
BEL,Belgium,gdp,GDP (2011 international $),2016,447144517813.0
BEL,Belgium,gdp,GDP (2011 international $),2017,454386396677.0
BEL,Belgium,gdp,GDP (2011 international $),2018,462533269863.0
BEL,Belgium,gdp,GDP (2011 international $),2019,472897988852.0
BEL,Belgium,gdp,GDP (2011 international $),2020,447544069854.0
BEL,Belgium,gdp,GDP (2011 international $),2021,474995824355.0
BEL,Belgium,gdp,GDP (2011 international $),2022,489678394377.0
BEL,Belgium,gdppc,GDP per capita (2011 international $),1900,5947.0
BEL,Belgium,gdppc,GDP per capita (2011 international $),1901,5928.0
BEL,Belgium,gdppc,GDP per capita (2011 international $),1902,5960.0
BEL,Belgium,gdppc,GDP per capita (2011 international $),1903,6013.0
BEL,Belgium,gdppc,GDP per capita (2011 international $),1904,6091.0
BEL,Belgium,gdppc,GDP per capita (2011 international $),1905,6188.0
BEL,Belgium,gdppc,GDP per capita (2011 international $),1906,6244.0
BEL,Belgium,gdppc,GDP per capita (2011 international $),1907,6268.0
BEL,Belgium,gdppc,GDP per capita (2011 international $),1908,6269.0
BEL,Belgium,gdppc,GDP per capita (2011 international $),1909,6330.0
BEL,Belgium,gdppc,GDP per capita (2011 international $),1910,6478.0
BEL,Belgium,gdppc,GDP per capita (2011 international $),1911,6612.0
BEL,Belgium,gdppc,GDP per capita (2011 international $),1912,6704.0
BEL,Belgium,gdppc,GDP per capita (2011 international $),1913,6727.0
BEL,Belgium,gdppc,GDP per capita (2011 international $),1914,6253.0
BEL,Belgium,gdppc,GDP per capita (2011 international $),1915,6150.0
BEL,Belgium,gdppc,GDP per capita (2011 international $),1916,6503.0
BEL,Belgium,gdppc,GDP per capita (2011 international $),1917,5609.0
BEL,Belgium,gdppc,GDP per capita (2011 international $),1918,4560.0
BEL,Belgium,gdppc,GDP per capita (2011 international $),1919,5402.0
BEL,Belgium,gdppc,GDP per capita (2011 international $),1920,6315.0
BEL,Belgium,gdppc,GDP per capita (2011 international $),1921,6465.0
BEL,Belgium,gdppc,GDP per capita (2011 international $),1922,7034.0
BEL,Belgium,gdppc,GDP per capita (2011 international $),1923,7226.0
BEL,Belgium,gdppc,GDP per capita (2011 international $),1924,7393.0
BEL,Belgium,gdppc,GDP per capita (2011 international $),1925,7438.0
BEL,Belgium,gdppc,GDP per capita (2011 international $),1926,7626.0
BEL,Belgium,gdppc,GDP per capita (2011 international $),1927,7847.0
BEL,Belgium,gdppc,GDP per capita (2011 international $),1928,8191.0
BEL,Belgium,gdppc,GDP per capita (2011 international $),1929,8056.0
BEL,Belgium,gdppc,GDP per capita (2011 international $),1930,7936.0
BEL,Belgium,gdppc,GDP per capita (2011 international $),1931,7747.0
BEL,Belgium,gdppc,GDP per capita (2011 international $),1932,7343.0
BEL,Belgium,gdppc,GDP per capita (2011 international $),1933,7461.0
BEL,Belgium,gdppc,GDP per capita (2011 international $),1934,7371.0
BEL,Belgium,gdppc,GDP per capita (2011 international $),1935,7801.0
BEL,Belgium,gdppc,GDP per capita (2011 international $),1936,7831.0
BEL,Belgium,gdppc,GDP per capita (2011 international $),1937,7908.0
BEL,Belgium,gdppc,GDP per capita (2011 international $),1938,7702.0
BEL,Belgium,gdppc,GDP per capita (2011 international $),1939,8209.0
BEL,Belgium,gdppc,GDP per capita (2011 international $),1940,7272.0
BEL,Belgium,gdppc,GDP per capita (2011 international $),1941,6947.0
BEL,Belgium,gdppc,GDP per capita (2011 international $),1942,6371.0
BEL,Belgium,gdppc,GDP per capita (2011 international $),1943,6228.0
BEL,Belgium,gdppc,GDP per capita (2011 international $),1944,6554.0
BEL,Belgium,gdppc,GDP per capita (2011 international $),1945,6907.0
BEL,Belgium,gdppc,GDP per capita (2011 international $),1946,7291.0
BEL,Belgium,gdppc,GDP per capita (2011 international $),1947,7651.0
BEL,Belgium,gdppc,GDP per capita (2011 international $),1948,8008.0
BEL,Belgium,gdppc,GDP per capita (2011 international $),1949,8278.0
BEL,Belgium,gdppc,GDP per capita (2011 international $),1950,8706.0
BEL,Belgium,gdppc,GDP per capita (2011 international $),1951,9161.0
BEL,Belgium,gdppc,GDP per capita (2011 international $),1952,9035.0
BEL,Belgium,gdppc,GDP per capita (2011 international $),1953,9274.0
BEL,Belgium,gdppc,GDP per capita (2011 international $),1954,9610.0
BEL,Belgium,gdppc,GDP per capita (2011 international $),1955,10010.0
BEL,Belgium,gdppc,GDP per capita (2011 international $),1956,10237.0
BEL,Belgium,gdppc,GDP per capita (2011 international $),1957,10353.0
BEL,Belgium,gdppc,GDP per capita (2011 international $),1958,10268.0
BEL,Belgium,gdppc,GDP per capita (2011 international $),1959,10533.0
BEL,Belgium,gdppc,GDP per capita (2011 international $),1960,11081.0
BEL,Belgium,gdppc,GDP per capita (2011 international $),1961,11561.0
BEL,Belgium,gdppc,GDP per capita (2011 international $),1962,12087.0
BEL,Belgium,gdppc,GDP per capita (2011 international $),1963,12532.0
BEL,Belgium,gdppc,GDP per capita (2011 international $),1964,13295.0
BEL,Belgium,gdppc,GDP per capita (2011 international $),1965,13643.0
BEL,Belgium,gdppc,GDP per capita (2011 international $),1966,13989.0
BEL,Belgium,gdppc,GDP per capita (2011 international $),1967,14461.0
BEL,Belgium,gdppc,GDP per capita (2011 international $),1968,15009.0
BEL,Belgium,gdppc,GDP per capita (2011 international $),1969,15969.0
BEL,Belgium,gdppc,GDP per capita (2011 international $),1970,16914.0
BEL,Belgium,gdppc,GDP per capita (2011 international $),1971,17486.0
BEL,Belgium,gdppc,GDP per capita (2011 international $),1972,18336.0
BEL,Belgium,gdppc,GDP per capita (2011 international $),1973,19399.0
BEL,Belgium,gdppc,GDP per capita (2011 international $),1974,20153.0
BEL,Belgium,gdppc,GDP per capita (2011 international $),1975,19831.0
BEL,Belgium,gdppc,GDP per capita (2011 international $),1976,20916.0
BEL,Belgium,gdppc,GDP per capita (2011 international $),1977,21025.0
BEL,Belgium,gdppc,GDP per capita (2011 international $),1978,21605.0
BEL,Belgium,gdppc,GDP per capita (2011 international $),1979,22094.0
BEL,Belgium,gdppc,GDP per capita (2011 international $),1980,23060.0
BEL,Belgium,gdppc,GDP per capita (2011 international $),1981,22760.0
BEL,Belgium,gdppc,GDP per capita (2011 international $),1982,23071.0
BEL,Belgium,gdppc,GDP per capita (2011 international $),1983,23071.0
BEL,Belgium,gdppc,GDP per capita (2011 international $),1984,23644.0
BEL,Belgium,gdppc,GDP per capita (2011 international $),1985,23873.0
BEL,Belgium,gdppc,GDP per capita (2011 international $),1986,24221.0
BEL,Belgium,gdppc,GDP per capita (2011 international $),1987,24772.0
BEL,Belgium,gdppc,GDP per capita (2011 international $),1988,25905.0
BEL,Belgium,gdppc,GDP per capita (2011 international $),1989,26690.0
BEL,Belgium,gdppc,GDP per capita (2011 international $),1990,27412.0
BEL,Belgium,gdppc,GDP per capita (2011 international $),1991,27848.305
BEL,Belgium,gdppc,GDP per capita (2011 international $),1992,28199.574
BEL,Belgium,gdppc,GDP per capita (2011 international $),1993,27857.25
BEL,Belgium,gdppc,GDP per capita (2011 international $),1994,28706.5
BEL,Belgium,gdppc,GDP per capita (2011 international $),1995,29370.088
BEL,Belgium,gdppc,GDP per capita (2011 international $),1996,29820.299
BEL,Belgium,gdppc,GDP per capita (2011 international $),1997,30894.283
BEL,Belgium,gdppc,GDP per capita (2011 international $),1998,31480.744
BEL,Belgium,gdppc,GDP per capita (2011 international $),1999,32571.674
BEL,Belgium,gdppc,GDP per capita (2011 international $),2000,33719.77
BEL,Belgium,gdppc,GDP per capita (2011 international $),2001,33923.344
BEL,Belgium,gdppc,GDP per capita (2011 international $),2002,34419.695
BEL,Belgium,gdppc,GDP per capita (2011 international $),2003,34588.477
BEL,Belgium,gdppc,GDP per capita (2011 international $),2004,35740.35
BEL,Belgium,gdppc,GDP per capita (2011 international $),2005,36338.383
BEL,Belgium,gdppc,GDP per capita (2011 international $),2006,37051.902
BEL,Belgium,gdppc,GDP per capita (2011 international $),2007,38082.875
BEL,Belgium,gdppc,GDP per capita (2011 international $),2008,38117.348
BEL,Belgium,gdppc,GDP per capita (2011 international $),2009,36998.65
BEL,Belgium,gdppc,GDP per capita (2011 international $),2010,37739.33
BEL,Belgium,gdppc,GDP per capita (2011 international $),2011,38130.0
BEL,Belgium,gdppc,GDP per capita (2011 international $),2012,38173.234
BEL,Belgium,gdppc,GDP per capita (2011 international $),2013,38169.832
BEL,Belgium,gdppc,GDP per capita (2011 international $),2014,38599.426
BEL,Belgium,gdppc,GDP per capita (2011 international $),2015,39160.324
BEL,Belgium,gdppc,GDP per capita (2011 international $),2016,39456.863
BEL,Belgium,gdppc,GDP per capita (2011 international $),2017,39940.824
BEL,Belgium,gdppc,GDP per capita (2011 international $),2018,40471.914
BEL,Belgium,gdppc,GDP per capita (2011 international $),2019,41155.527
BEL,Belgium,gdppc,GDP per capita (2011 international $),2020,38763.44
BEL,Belgium,gdppc,GDP per capita (2011 international $),2021,40970.805
BEL,Belgium,gdppc,GDP per capita (2011 international $),2022,41872.395
BEL,Belgium,pop,Population (thousands),1900,6719.0
BEL,Belgium,pop,Population (thousands),1901,6801.0
BEL,Belgium,pop,Population (thousands),1902,6903.0
BEL,Belgium,pop,Population (thousands),1903,6997.0
BEL,Belgium,pop,Population (thousands),1904,7086.0
BEL,Belgium,pop,Population (thousands),1905,7175.0
BEL,Belgium,pop,Population (thousands),1906,7258.0
BEL,Belgium,pop,Population (thousands),1907,7338.0
BEL,Belgium,pop,Population (thousands),1908,7411.0
BEL,Belgium,pop,Population (thousands),1909,7478.0
BEL,Belgium,pop,Population (thousands),1910,7498.0
BEL,Belgium,pop,Population (thousands),1911,7517.0
BEL,Belgium,pop,Population (thousands),1912,7590.0
BEL,Belgium,pop,Population (thousands),1913,7666.0
BEL,Belgium,pop,Population (thousands),1914,7723.0
BEL,Belgium,pop,Population (thousands),1915,7759.0
BEL,Belgium,pop,Population (thousands),1916,7762.0
BEL,Belgium,pop,Population (thousands),1917,7729.0
BEL,Belgium,pop,Population (thousands),1918,7660.0
BEL,Belgium,pop,Population (thousands),1919,7628.0
BEL,Belgium,pop,Population (thousands),1920,7552.0
BEL,Belgium,pop,Population (thousands),1921,7504.0
BEL,Belgium,pop,Population (thousands),1922,7571.0
BEL,Belgium,pop,Population (thousands),1923,7635.0
BEL,Belgium,pop,Population (thousands),1924,7707.0
BEL,Belgium,pop,Population (thousands),1925,7779.0
BEL,Belgium,pop,Population (thousands),1926,7844.0
BEL,Belgium,pop,Population (thousands),1927,7904.0
BEL,Belgium,pop,Population (thousands),1928,7968.0
BEL,Belgium,pop,Population (thousands),1929,8032.0
BEL,Belgium,pop,Population (thousands),1930,8076.0
BEL,Belgium,pop,Population (thousands),1931,8126.0
BEL,Belgium,pop,Population (thousands),1932,8186.0
BEL,Belgium,pop,Population (thousands),1933,8231.0
BEL,Belgium,pop,Population (thousands),1934,8262.0
BEL,Belgium,pop,Population (thousands),1935,8288.0
BEL,Belgium,pop,Population (thousands),1936,8315.0
BEL,Belgium,pop,Population (thousands),1937,8346.0
BEL,Belgium,pop,Population (thousands),1938,8374.0
BEL,Belgium,pop,Population (thousands),1939,8392.0
BEL,Belgium,pop,Population (thousands),1940,8346.0
BEL,Belgium,pop,Population (thousands),1941,8276.0
BEL,Belgium,pop,Population (thousands),1942,8247.0
BEL,Belgium,pop,Population (thousands),1943,8242.0
BEL,Belgium,pop,Population (thousands),1944,8291.0
BEL,Belgium,pop,Population (thousands),1945,8339.0
BEL,Belgium,pop,Population (thousands),1946,8367.0
BEL,Belgium,pop,Population (thousands),1947,8450.0
BEL,Belgium,pop,Population (thousands),1948,8557.0
BEL,Belgium,pop,Population (thousands),1949,8614.0
BEL,Belgium,pop,Population (thousands),1950,8639.369140592695
BEL,Belgium,pop,Population (thousands),1951,8678.385742167886
BEL,Belgium,pop,Population (thousands),1952,8730.405273381295
BEL,Belgium,pop,Population (thousands),1953,8777.873046797498
BEL,Belgium,pop,Population (thousands),1954,8819.379882726327
BEL,Belgium,pop,Population (thousands),1955,8868.47460929071
BEL,Belgium,pop,Population (thousands),1956,8923.844726482366
BEL,Belgium,pop,Population (thousands),1957,8989.111328117455
BEL,Belgium,pop,Population (thousands),1958,9052.707031164784
BEL,Belgium,pop,Population (thousands),1959,9103.728515617582
BEL,Belgium,pop,Population (thousands),1960,9118.700195289233
BEL,Belgium,pop,Population (thousands),1961,9165.799804601678
BEL,Belgium,pop,Population (thousands),1962,9218.400390584926
BEL,Belgium,pop,Population (thousands),1963,9283.09960932014
BEL,Belgium,pop,Population (thousands),1964,9367.0
BEL,Belgium,pop,Population (thousands),1965,9448.099609323463
BEL,Belgium,pop,Population (thousands),1966,9507.799804632212
BEL,Belgium,pop,Population (thousands),1967,9556.5
BEL,Belgium,pop,Population (thousands),1968,9589.799804650544
BEL,Belgium,pop,Population (thousands),1969,9612.700195253303
BEL,Belgium,pop,Population (thousands),1970,9637.799804658862
BEL,Belgium,pop,Population (thousands),1971,9672.5
BEL,Belgium,pop,Population (thousands),1972,9709.099609347732
BEL,Belgium,pop,Population (thousands),1973,9738.400390587143
BEL,Belgium,pop,Population (thousands),1974,9767.79980464447
BEL,Belgium,pop,Population (thousands),1975,9794.799804649287
BEL,Belgium,pop,Population (thousands),1976,9811.0
BEL,Belgium,pop,Population (thousands),1977,9821.799804661117
BEL,Belgium,pop,Population (thousands),1978,9829.70019527887
BEL,Belgium,pop,Population (thousands),1979,9837.200195301892
BEL,Belgium,pop,Population (thousands),1980,9846.799804683435
BEL,Belgium,pop,Population (thousands),1981,9852.400390597539
BEL,Belgium,pop,Population (thousands),1982,9856.302734341814
BEL,Belgium,pop,Population (thousands),1983,9855.519531229682
BEL,Belgium,pop,Population (thousands),1984,9855.299804686178
BEL,Belgium,pop,Population (thousands),1985,9858.200195283374
BEL,Belgium,pop,Population (thousands),1986,9861.79980467363
BEL,Belgium,pop,Population (thousands),1987,9870.200195301148
BEL,Belgium,pop,Population (thousands),1988,9884.0
BEL,Belgium,pop,Population (thousands),1989,9937.697265605097
BEL,Belgium,pop,Population (thousands),1990,9969.309570297679
BEL,Belgium,pop,Population (thousands),1991,10007.309458008305
BEL,Belgium,pop,Population (thousands),1992,10048.320390442777
BEL,Belgium,pop,Population (thousands),1993,10087.330078094572
BEL,Belgium,pop,Population (thousands),1994,10117.330078100778
BEL,Belgium,pop,Population (thousands),1995,10138.33004034581
BEL,Belgium,pop,Population (thousands),1996,10158.330019561507
BEL,Belgium,pop,Population (thousands),1997,10182.339910688332
BEL,Belgium,pop,Population (thousands),1998,10204.339889330444
BEL,Belgium,pop,Population (thousands),1999,10227.339789781761
BEL,Belgium,pop,Population (thousands),2000,10252.34946682614
BEL,Belgium,pop,Population (thousands),2001,10288.34953355424
BEL,Belgium,pop,Population (thousands),2002,10334.360445378728
BEL,Belgium,pop,Population (thousands),2003,10377.360220283766
BEL,Belgium,pop,Population (thousands),2004,10422.370572811964
BEL,Belgium,pop,Population (thousands),2005,10480.37982873371
BEL,Belgium,pop,Population (thousands),2006,10549.389746307761
BEL,Belgium,pop,Population (thousands),2007,10627.400390621768
BEL,Belgium,pop,Population (thousands),2008,10711.410059640037
BEL,Belgium,pop,Population (thousands),2009,10797.419465872403
BEL,Belgium,pop,Population (thousands),2010,10897.42914606592
BEL,Belgium,pop,Population (thousands),2011,11039.450195305533
BEL,Belgium,pop,Population (thousands),2012,11108.460070058514
BEL,Belgium,pop,Population (thousands),2013,11160.46973568026
BEL,Belgium,pop,Population (thousands),2014,11210.469663020378
BEL,Belgium,pop,Population (thousands),2015,11275.480531723893
BEL,Belgium,pop,Population (thousands),2016,11332.49031513225
BEL,Belgium,pop,Population (thousands),2017,11376.490296669894
BEL,Belgium,pop,Population (thousands),2018,11428.500017641865
BEL,Belgium,pop,Population (thousands),2019,11490.509861579467
BEL,Belgium,pop,Population (thousands),2020,11545.51995008699
BEL,Belgium,pop,Population (thousands),2021,11593.519442808116
BEL,Belgium,pop,Population (thousands),2022,11694.539908142347
CZE,Czechia,gdp,GDP (2011 international $),1970,85688633425.0
CZE,Czechia,gdp,GDP (2011 international $),1971,90161721788.0
CZE,Czechia,gdp,GDP (2011 international $),1972,94933134863.0
CZE,Czechia,gdp,GDP (2011 international $),1973,99378514863.0
CZE,Czechia,gdp,GDP (2011 international $),1974,104186936984.0
CZE,Czechia,gdp,GDP (2011 international $),1975,110000271248.0
CZE,Czechia,gdp,GDP (2011 international $),1976,114359898556.0
CZE,Czechia,gdp,GDP (2011 international $),1977,118223719564.0
CZE,Czechia,gdp,GDP (2011 international $),1978,123116431801.0
CZE,Czechia,gdp,GDP (2011 international $),1979,124798624929.0
CZE,Czechia,gdp,GDP (2011 international $),1980,126921718828.0
CZE,Czechia,gdp,GDP (2011 international $),1981,126726010277.0
CZE,Czechia,gdp,GDP (2011 international $),1982,124767552965.0
CZE,Czechia,gdp,GDP (2011 international $),1983,126785025540.0
CZE,Czechia,gdp,GDP (2011 international $),1984,129617868735.0
CZE,Czechia,gdp,GDP (2011 international $),1985,132537133916.0
CZE,Czechia,gdp,GDP (2011 international $),1986,136190031570.0
CZE,Czechia,gdp,GDP (2011 international $),1987,139350917529.0
CZE,Czechia,gdp,GDP (2011 international $),1988,142237370686.0
CZE,Czechia,gdp,GDP (2011 international $),1989,144679286083.0
CZE,Czechia,gdp,GDP (2011 international $),1990,146168284839.0
CZE,Czechia,gdp,GDP (2011 international $),1991,130499462994.0
CZE,Czechia,gdp,GDP (2011 international $),1992,131496641304.0
CZE,Czechia,gdp,GDP (2011 international $),1993,133342958573.0
CZE,Czechia,gdp,GDP (2011 international $),1994,139002246482.0
CZE,Czechia,gdp,GDP (2011 international $),1995,149541611781.0
CZE,Czechia,gdp,GDP (2011 international $),1996,157900113788.0
CZE,Czechia,gdp,GDP (2011 international $),1997,158827904845.0
CZE,Czechia,gdp,GDP (2011 international $),1998,160364287569.0
CZE,Czechia,gdp,GDP (2011 international $),1999,164728010192.0
CZE,Czechia,gdp,GDP (2011 international $),2000,174309526192.0
CZE,Czechia,gdp,GDP (2011 international $),2001,181753179328.0
CZE,Czechia,gdp,GDP (2011 international $),2002,187044887124.0
CZE,Czechia,gdp,GDP (2011 international $),2003,196328003846.0
CZE,Czechia,gdp,GDP (2011 international $),2004,208725903761.0
CZE,Czechia,gdp,GDP (2011 international $),2005,225302570264.0
CZE,Czechia,gdp,GDP (2011 international $),2006,243991794814.0
CZE,Czechia,gdp,GDP (2011 international $),2007,260673045889.0
CZE,Czechia,gdp,GDP (2011 international $),2008,271709547503.0
CZE,Czechia,gdp,GDP (2011 international $),2009,261919697582.0
CZE,Czechia,gdp,GDP (2011 international $),2010,271231988282.0
CZE,Czechia,gdp,GDP (2011 international $),2011,279082754736.0
CZE,Czechia,gdp,GDP (2011 international $),2012,276891945353.0
CZE,Czechia,gdp,GDP (2011 international $),2013,276764861619.0
CZE,Czechia,gdp,GDP (2011 international $),2014,283025537919.0
CZE,Czechia,gdp,GDP (2011 international $),2015,298276052489.0
CZE,Czechia,gdp,GDP (2011 international $),2016,305844147713.0
CZE,Czechia,gdp,GDP (2011 international $),2017,321652381589.0
CZE,Czechia,gdp,GDP (2011 international $),2018,332009886797.0
CZE,Czechia,gdp,GDP (2011 international $),2019,342069373423.0
CZE,Czechia,gdp,GDP (2011 international $),2020,323245433506.0
CZE,Czechia,gdp,GDP (2011 international $),2021,334729441747.0
CZE,Czechia,gdp,GDP (2011 international $),2022,342966849621.0
CZE,Czechia,gdppc,GDP per capita (2011 international $),1970,8748.0
CZE,Czechia,gdppc,GDP per capita (2011 international $),1971,9177.0
CZE,Czechia,gdppc,GDP per capita (2011 international $),1972,9626.0
CZE,Czechia,gdppc,GDP per capita (2011 international $),1973,10026.0
CZE,Czechia,gdppc,GDP per capita (2011 international $),1974,10444.0
CZE,Czechia,gdppc,GDP per capita (2011 international $),1975,10954.0
CZE,Czechia,gdppc,GDP per capita (2011 international $),1976,11317.0
CZE,Czechia,gdppc,GDP per capita (2011 international $),1977,11634.0
CZE,Czechia,gdppc,GDP per capita (2011 international $),1978,12055.0
CZE,Czechia,gdppc,GDP per capita (2011 international $),1979,12164.0
CZE,Czechia,gdppc,GDP per capita (2011 international $),1980,12336.0
CZE,Czechia,gdppc,GDP per capita (2011 international $),1981,12306.0
CZE,Czechia,gdppc,GDP per capita (2011 international $),1982,12109.0
CZE,Czechia,gdppc,GDP per capita (2011 international $),1983,12301.0
CZE,Czechia,gdppc,GDP per capita (2011 international $),1984,12573.0
CZE,Czechia,gdppc,GDP per capita (2011 international $),1985,12855.0
CZE,Czechia,gdppc,GDP per capita (2011 international $),1986,13211.0
CZE,Czechia,gdppc,GDP per capita (2011 international $),1987,13514.0
CZE,Czechia,gdppc,GDP per capita (2011 international $),1988,13791.0
CZE,Czechia,gdppc,GDP per capita (2011 international $),1989,14027.0
CZE,Czechia,gdppc,GDP per capita (2011 international $),1990,14178.0
CZE,Czechia,gdppc,GDP per capita (2011 international $),1991,12724.541
CZE,Czechia,gdppc,GDP per capita (2011 international $),1992,12810.432
CZE,Czechia,gdppc,GDP per capita (2011 international $),1993,12974.197
CZE,Czechia,gdppc,GDP per capita (2011 international $),1994,13517.582
CZE,Czechia,gdppc,GDP per capita (2011 international $),1995,14550.1045
CZE,Czechia,gdppc,GDP per capita (2011 international $),1996,15386.32
CZE,Czechia,gdppc,GDP per capita (2011 international $),1997,15494.317
CZE,Czechia,gdppc,GDP per capita (2011 international $),1998,15657.426
CZE,Czechia,gdppc,GDP per capita (2011 international $),1999,16102.508
CZE,Czechia,gdppc,GDP per capita (2011 international $),2000,17056.16
CZE,Czechia,gdppc,GDP per capita (2011 international $),2001,17868.568
CZE,Czechia,gdppc,GDP per capita (2011 international $),2002,18431.027
CZE,Czechia,gdppc,GDP per capita (2011 international $),2003,19344.09
CZE,Czechia,gdppc,GDP per capita (2011 international $),2004,20555.035
CZE,Czechia,gdppc,GDP per capita (2011 international $),2005,22128.58
CZE,Czechia,gdppc,GDP per capita (2011 international $),2006,23888.164
CZE,Czechia,gdppc,GDP per capita (2011 international $),2007,25382.807
CZE,Czechia,gdppc,GDP per capita (2011 international $),2008,26186.045
CZE,Czechia,gdppc,GDP per capita (2011 international $),2009,25093.863
CZE,Czechia,gdppc,GDP per capita (2011 international $),2010,25922.395
CZE,Czechia,gdppc,GDP per capita (2011 international $),2011,26725.0
CZE,Czechia,gdppc,GDP per capita (2011 international $),2012,26483.38
CZE,Czechia,gdppc,GDP per capita (2011 international $),2013,26467.629
CZE,Czechia,gdppc,GDP per capita (2011 international $),2014,27030.19
CZE,Czechia,gdppc,GDP per capita (2011 international $),2015,28437.604
CZE,Czechia,gdppc,GDP per capita (2011 international $),2016,29097.504
CZE,Czechia,gdppc,GDP per capita (2011 international $),2017,30531.383
CZE,Czechia,gdppc,GDP per capita (2011 international $),2018,31405.09
CZE,Czechia,gdppc,GDP per capita (2011 international $),2019,32226.553
CZE,Czechia,gdppc,GDP per capita (2011 international $),2020,30365.37
CZE,Czechia,gdppc,GDP per capita (2011 international $),2021,31452.557
CZE,Czechia,gdppc,GDP per capita (2011 international $),2022,32247.395
CZE,Czechia,pop,Population (thousands),1970,9795.225585848193
CZE,Czechia,pop,Population (thousands),1971,9824.749023428136
CZE,Czechia,pop,Population (thousands),1972,9862.158203095783
CZE,Czechia,pop,Population (thousands),1973,9912.08007809695
CZE,Czechia,pop,Population (thousands),1974,9975.769531214093
CZE,Czechia,pop,Population (thousands),1975,10042.018554683222
CZE,Czechia,pop,Population (thousands),1976,10105.142578068393
CZE,Czechia,pop,Population (thousands),1977,10161.915039023552
CZE,Czechia,pop,Population (thousands),1978,10212.893554624638
CZE,Czechia,pop,Population (thousands),1979,10259.66992181848
CZE,Czechia,pop,Population (thousands),1980,10288.725585927366
CZE,Czechia,pop,Population (thousands),1981,10297.904296847066
CZE,Czechia,pop,Population (thousands),1982,10303.704101494755
CZE,Czechia,pop,Population (thousands),1983,10306.887695309324
CZE,Czechia,pop,Population (thousands),1984,10309.223632784538
CZE,Czechia,pop,Population (thousands),1985,10310.162109373783
CZE,Czechia,pop,Population (thousands),1986,10308.835937476346
CZE,Czechia,pop,Population (thousands),1987,10311.596679665532
CZE,Czechia,pop,Population (thousands),1988,10313.782226524545
CZE,Czechia,pop,Population (thousands),1989,10314.342773436943
CZE,Czechia,pop,Population (thousands),1990,10309.513671815488
CZE,Czechia,pop,Population (thousands),1991,10255.73048128023
CZE,Czechia,pop,Population (thousands),1992,10264.809282309918
CZE,Czechia,pop,Population (thousands),1993,10277.55001507993
CZE,Czechia,pop,Population (thousands),1994,10283.070336248007
CZE,Czechia,pop,Population (thousands),1995,10277.700189782143
CZE,Czechia,pop,Population (thousands),1996,10262.370325587925
CZE,Czechia,pop,Population (thousands),1997,10250.719979783555
CZE,Czechia,pop,Population (thousands),1998,10242.059427200871
CZE,Czechia,pop,Population (thousands),1999,10229.959841783651
CZE,Czechia,pop,Population (thousands),2000,10219.740327951895
CZE,Czechia,pop,Population (thousands),2001,10171.670126447738
CZE,Czechia,pop,Population (thousands),2002,10148.37030644033
CZE,Czechia,pop,Population (thousands),2003,10149.249917985286
CZE,Czechia,pop,Population (thousands),2004,10154.490311546539
CZE,Czechia,pop,Population (thousands),2005,10181.519567184156
CZE,Czechia,pop,Population (thousands),2006,10213.91994855695
CZE,Czechia,pop,Population (thousands),2007,10269.66977643568
CZE,Czechia,pop,Population (thousands),2008,10376.120086213861
CZE,Czechia,pop,Population (thousands),2009,10437.599726355404
CZE,Czechia,pop,Population (thousands),2010,10463.230279532427
CZE,Czechia,pop,Population (thousands),2011,10442.759765612722
CZE,Czechia,pop,Population (thousands),2012,10455.309909573474
CZE,Czechia,pop,Population (thousands),2013,10456.730431690727
CZE,Czechia,pop,Population (thousands),2014,10470.719514698196
CZE,Czechia,pop,Population (thousands),2015,10488.789860390489
CZE,Czechia,pop,Population (thousands),2016,10511.009731728192
CZE,Czechia,pop,Population (thousands),2017,10535.13958371948
CZE,Czechia,pop,Population (thousands),2018,10571.849556775669
CZE,Czechia,pop,Population (thousands),2019,10614.519443733247
CZE,Czechia,pop,Population (thousands),2020,10645.199894024014
CZE,Czechia,pop,Population (thousands),2021,10642.36022994887
CZE,Czechia,pop,Population (thousands),2022,10635.490079772335
DEU,Germany,gdp,GDP (2011 international $),1900,258778104000.0
DEU,Germany,gdp,GDP (2011 international $),1901,252659264000.0
DEU,Germany,gdp,GDP (2011 international $),1902,258695544000.0
DEU,Germany,gdp,GDP (2011 international $),1903,273137585000.0
DEU,Germany,gdp,GDP (2011 international $),1904,284058684000.0
DEU,Germany,gdp,GDP (2011 international $),1905,290170512000.0
DEU,Germany,gdp,GDP (2011 international $),1906,298832544000.0
DEU,Germany,gdp,GDP (2011 international $),1907,312083652000.0
DEU,Germany,gdp,GDP (2011 international $),1908,317376969000.0
DEU,Germany,gdp,GDP (2011 international $),1909,323838360000.0
DEU,Germany,gdp,GDP (2011 international $),1910,335611908000.0
DEU,Germany,gdp,GDP (2011 international $),1911,346844064000.0
DEU,Germany,gdp,GDP (2011 international $),1912,362054969000.0
DEU,Germany,gdp,GDP (2011 international $),1913,378312270000.0
DEU,Germany,gdp,GDP (2011 international $),1914,322284096000.0
DEU,Germany,gdp,GDP (2011 international $),1915,306048830000.0
DEU,Germany,gdp,GDP (2011 international $),1916,309103528000.0
DEU,Germany,gdp,GDP (2011 international $),1917,309414915000.0
DEU,Germany,gdp,GDP (2011 international $),1918,310201935000.0
DEU,Germany,gdp,GDP (2011 international $),1919,249574734000.0
DEU,Germany,gdp,GDP (2011 international $),1920,271404558000.0
DEU,Germany,gdp,GDP (2011 international $),1921,302077138000.0
DEU,Germany,gdp,GDP (2011 international $),1922,328689000000.0
DEU,Germany,gdp,GDP (2011 international $),1923,273091581000.0
DEU,Germany,gdp,GDP (2011 international $),1924,319692003000.0
DEU,Germany,gdp,GDP (2011 international $),1925,355624580000.0
DEU,Germany,gdp,GDP (2011 international $),1926,365617980000.0
DEU,Germany,gdp,GDP (2011 international $),1927,402192486000.0
DEU,Germany,gdp,GDP (2011 international $),1928,419777967000.0
DEU,Germany,gdp,GDP (2011 international $),1929,418019723000.0
DEU,Germany,gdp,GDP (2011 international $),1930,412176972000.0
DEU,Germany,gdp,GDP (2011 international $),1931,380827283000.0
DEU,Germany,gdp,GDP (2011 international $),1932,352172044000.0
DEU,Germany,gdp,GDP (2011 international $),1933,374241036000.0
DEU,Germany,gdp,GDP (2011 international $),1934,408415350000.0
DEU,Germany,gdp,GDP (2011 international $),1935,439141857000.0
DEU,Germany,gdp,GDP (2011 international $),1936,477841155000.0
DEU,Germany,gdp,GDP (2011 international $),1937,506561908000.0
DEU,Germany,gdp,GDP (2011 international $),1938,545721680000.0
DEU,Germany,gdp,GDP (2011 international $),1939,597037462000.0
DEU,Germany,gdp,GDP (2011 international $),1940,601419020000.0
DEU,Germany,gdp,GDP (2011 international $),1941,639431132000.0
DEU,Germany,gdp,GDP (2011 international $),1942,648060266000.0
DEU,Germany,gdp,GDP (2011 international $),1943,661088879000.0
DEU,Germany,gdp,GDP (2011 international $),1944,677550770000.0
DEU,Germany,gdp,GDP (2011 international $),1945,482065000000.0
DEU,Germany,gdp,GDP (2011 international $),1946,228572052000.0
DEU,Germany,gdp,GDP (2011 international $),1947,256643002000.0
DEU,Germany,gdp,GDP (2011 international $),1948,303971515000.0
DEU,Germany,gdp,GDP (2011 international $),1949,355660921000.0
DEU,Germany,gdp,GDP (2011 international $),1950,422965091953.0
DEU,Germany,gdp,GDP (2011 international $),1951,461743918375.0
DEU,Germany,gdp,GDP (2011 international $),1952,501792181828.0
DEU,Germany,gdp,GDP (2011 international $),1953,543743732343.0
DEU,Germany,gdp,GDP (2011 international $),1954,584376932156.0
DEU,Germany,gdp,GDP (2011 international $),1955,648607430625.0
DEU,Germany,gdp,GDP (2011 international $),1956,695152368843.0
DEU,Germany,gdp,GDP (2011 international $),1957,734905339593.0
DEU,Germany,gdp,GDP (2011 international $),1958,767711393867.0
DEU,Germany,gdp,GDP (2011 international $),1959,823838461875.0
DEU,Germany,gdp,GDP (2011 international $),1960,890210010796.0
DEU,Germany,gdp,GDP (2011 international $),1961,926835906445.0
DEU,Germany,gdp,GDP (2011 international $),1962,966424869859.0
DEU,Germany,gdp,GDP (2011 international $),1963,993706226179.0
DEU,Germany,gdp,GDP (2011 international $),1964,1054006883218.0
DEU,Germany,gdp,GDP (2011 international $),1965,1107504064578.0
DEU,Germany,gdp,GDP (2011 international $),1966,1140349155937.0
DEU,Germany,gdp,GDP (2011 international $),1967,1143923059359.0
DEU,Germany,gdp,GDP (2011 international $),1968,1204136496632.0
DEU,Germany,gdp,GDP (2011 international $),1969,1283751483890.0
DEU,Germany,gdp,GDP (2011 international $),1970,1343859725507.0
DEU,Germany,gdp,GDP (2011 international $),1971,1383509131023.0
DEU,Germany,gdp,GDP (2011 international $),1972,1440601389742.0
DEU,Germany,gdp,GDP (2011 international $),1973,1505896472437.0
DEU,Germany,gdp,GDP (2011 international $),1974,1518360951937.0
DEU,Germany,gdp,GDP (2011 international $),1975,1510149923703.0
DEU,Germany,gdp,GDP (2011 international $),1976,1583048234281.0
DEU,Germany,gdp,GDP (2011 international $),1977,1628636036117.0
DEU,Germany,gdp,GDP (2011 international $),1978,1674283009992.0
DEU,Germany,gdp,GDP (2011 international $),1979,1741603152539.0
DEU,Germany,gdp,GDP (2011 international $),1980,1761467996906.0
DEU,Germany,gdp,GDP (2011 international $),1981,1768196429703.0
DEU,Germany,gdp,GDP (2011 international $),1982,1753143244687.0
DEU,Germany,gdp,GDP (2011 international $),1983,1784298628750.0
DEU,Germany,gdp,GDP (2011 international $),1984,1834585161062.0
DEU,Germany,gdp,GDP (2011 international $),1985,1874769842531.0
DEU,Germany,gdp,GDP (2011 international $),1986,1916181384234.0
DEU,Germany,gdp,GDP (2011 international $),1987,1945055815890.0
DEU,Germany,gdp,GDP (2011 international $),1988,2009989460679.0
DEU,Germany,gdp,GDP (2011 international $),1989,2075675216851.0
DEU,Germany,gdp,GDP (2011 international $),1990,2015547498359.0
DEU,Germany,gdp,GDP (2011 international $),1991,2141316417831.0
DEU,Germany,gdp,GDP (2011 international $),1992,2204952392823.0
DEU,Germany,gdp,GDP (2011 international $),1993,2206290854718.0
DEU,Germany,gdp,GDP (2011 international $),1994,2283952742009.0
DEU,Germany,gdp,GDP (2011 international $),1995,2347761113534.0
DEU,Germany,gdp,GDP (2011 international $),1996,2391519573153.0
DEU,Germany,gdp,GDP (2011 international $),1997,2461046373781.0
DEU,Germany,gdp,GDP (2011 international $),1998,2535903706522.0
DEU,Germany,gdp,GDP (2011 international $),1999,2613176576967.0
DEU,Germany,gdp,GDP (2011 international $),2000,2718560455818.0
DEU,Germany,gdp,GDP (2011 international $),2001,2793373055251.0
DEU,Germany,gdp,GDP (2011 international $),2002,2822441773260.0
DEU,Germany,gdp,GDP (2011 international $),2003,2831676106520.0
DEU,Germany,gdp,GDP (2011 international $),2004,2894624877966.0
DEU,Germany,gdp,GDP (2011 international $),2005,2945460930734.0
DEU,Germany,gdp,GDP (2011 international $),2006,3086359147617.0
DEU,Germany,gdp,GDP (2011 international $),2007,3220275669650.0
DEU,Germany,gdp,GDP (2011 international $),2008,3289020399474.0
DEU,Germany,gdp,GDP (2011 international $),2009,3136502162046.0
DEU,Germany,gdp,GDP (2011 international $),2010,3301123203586.0
DEU,Germany,gdp,GDP (2011 international $),2011,3467712967640.0
DEU,Germany,gdp,GDP (2011 international $),2012,3482225441398.0
DEU,Germany,gdp,GDP (2011 international $),2013,3497463140441.0
DEU,Germany,gdp,GDP (2011 international $),2014,3574741315261.0
DEU,Germany,gdp,GDP (2011 international $),2015,3628073946157.0
DEU,Germany,gdp,GDP (2011 international $),2016,3708979940863.0
DEU,Germany,gdp,GDP (2011 international $),2017,3808389445530.0
DEU,Germany,gdp,GDP (2011 international $),2018,3845758522294.0
DEU,Germany,gdp,GDP (2011 international $),2019,3886392581475.0
DEU,Germany,gdp,GDP (2011 international $),2020,3742721113842.0
DEU,Germany,gdp,GDP (2011 international $),2021,3841041747482.0
DEU,Germany,gdp,GDP (2011 international $),2022,3909612753939.0
DEU,Germany,gdppc,GDP per capita (2011 international $),1900,4758.0
DEU,Germany,gdppc,GDP per capita (2011 international $),1901,4576.0
DEU,Germany,gdppc,GDP per capita (2011 international $),1902,4611.0
DEU,Germany,gdppc,GDP per capita (2011 international $),1903,4795.0
DEU,Germany,gdppc,GDP per capita (2011 international $),1904,4914.0
DEU,Germany,gdppc,GDP per capita (2011 international $),1905,4948.0
DEU,Germany,gdppc,GDP per capita (2011 international $),1906,5024.0
DEU,Germany,gdppc,GDP per capita (2011 international $),1907,5172.0
DEU,Germany,gdppc,GDP per capita (2011 international $),1908,5187.0
DEU,Germany,gdppc,GDP per capita (2011 international $),1909,5220.0
DEU,Germany,gdppc,GDP per capita (2011 international $),1910,5337.0
DEU,Germany,gdppc,GDP per capita (2011 international $),1911,5432.0
DEU,Germany,gdppc,GDP per capita (2011 international $),1912,5617.0
DEU,Germany,gdppc,GDP per capita (2011 international $),1913,5815.0
DEU,Germany,gdppc,GDP per capita (2011 international $),1914,4876.0
DEU,Germany,gdppc,GDP per capita (2011 international $),1915,4621.0
DEU,Germany,gdppc,GDP per capita (2011 international $),1916,4678.0
DEU,Germany,gdppc,GDP per capita (2011 international $),1917,4705.0
DEU,Germany,gdppc,GDP per capita (2011 international $),1918,4755.0
DEU,Germany,gdppc,GDP per capita (2011 international $),1919,4122.0
DEU,Germany,gdppc,GDP per capita (2011 international $),1920,4457.0
DEU,Germany,gdppc,GDP per capita (2011 international $),1921,4906.0
DEU,Germany,gdppc,GDP per capita (2011 international $),1922,5310.0
DEU,Germany,gdppc,GDP per capita (2011 international $),1923,4383.0
DEU,Germany,gdppc,GDP per capita (2011 international $),1924,5099.0
DEU,Germany,gdppc,GDP per capita (2011 international $),1925,5630.0
DEU,Germany,gdppc,GDP per capita (2011 international $),1926,5746.0
DEU,Germany,gdppc,GDP per capita (2011 international $),1927,6282.0
DEU,Germany,gdppc,GDP per capita (2011 international $),1928,6519.0
DEU,Germany,gdppc,GDP per capita (2011 international $),1929,6457.0
DEU,Germany,gdppc,GDP per capita (2011 international $),1930,6333.0
DEU,Germany,gdppc,GDP per capita (2011 international $),1931,5821.0
DEU,Germany,gdppc,GDP per capita (2011 international $),1932,5359.0
DEU,Germany,gdppc,GDP per capita (2011 international $),1933,5668.0
DEU,Germany,gdppc,GDP per capita (2011 international $),1934,6150.0
DEU,Germany,gdppc,GDP per capita (2011 international $),1935,6567.0
DEU,Germany,gdppc,GDP per capita (2011 international $),1936,7095.0
DEU,Germany,gdppc,GDP per capita (2011 international $),1937,7468.0
DEU,Germany,gdppc,GDP per capita (2011 international $),1938,7960.0
DEU,Germany,gdppc,GDP per capita (2011 international $),1939,8617.0
DEU,Germany,gdppc,GDP per capita (2011 international $),1940,8612.0
DEU,Germany,gdppc,GDP per capita (2011 international $),1941,9103.0
DEU,Germany,gdppc,GDP per capita (2011 international $),1942,9149.0
DEU,Germany,gdppc,GDP per capita (2011 international $),1943,9389.0
DEU,Germany,gdppc,GDP per capita (2011 international $),1944,9698.0
DEU,Germany,gdppc,GDP per capita (2011 international $),1945,7195.0
DEU,Germany,gdppc,GDP per capita (2011 international $),1946,3534.0
DEU,Germany,gdppc,GDP per capita (2011 international $),1947,3883.0
DEU,Germany,gdppc,GDP per capita (2011 international $),1948,4517.0
DEU,Germany,gdppc,GDP per capita (2011 international $),1949,5231.0
DEU,Germany,gdppc,GDP per capita (2011 international $),1950,6186.0
DEU,Germany,gdppc,GDP per capita (2011 international $),1951,6704.0
DEU,Germany,gdppc,GDP per capita (2011 international $),1952,7257.0
DEU,Germany,gdppc,GDP per capita (2011 international $),1953,7818.0
DEU,Germany,gdppc,GDP per capita (2011 international $),1954,8364.0
DEU,Germany,gdppc,GDP per capita (2011 international $),1955,9240.0
DEU,Germany,gdppc,GDP per capita (2011 international $),1956,9846.0
DEU,Germany,gdppc,GDP per capita (2011 international $),1957,10348.0
DEU,Germany,gdppc,GDP per capita (2011 international $),1958,10739.0
DEU,Germany,gdppc,GDP per capita (2011 international $),1959,11440.0
DEU,Germany,gdppc,GDP per capita (2011 international $),1960,12282.0
DEU,Germany,gdppc,GDP per capita (2011 international $),1961,12675.0
DEU,Germany,gdppc,GDP per capita (2011 international $),1962,13106.0
DEU,Germany,gdppc,GDP per capita (2011 international $),1963,13367.0
DEU,Germany,gdppc,GDP per capita (2011 international $),1964,14062.0
DEU,Germany,gdppc,GDP per capita (2011 international $),1965,14642.0
DEU,Germany,gdppc,GDP per capita (2011 international $),1966,14964.0
DEU,Germany,gdppc,GDP per capita (2011 international $),1967,14979.0
DEU,Germany,gdppc,GDP per capita (2011 international $),1968,15723.0
DEU,Germany,gdppc,GDP per capita (2011 international $),1969,16641.0
DEU,Germany,gdppc,GDP per capita (2011 international $),1970,17277.0
DEU,Germany,gdppc,GDP per capita (2011 international $),1971,17657.0
DEU,Germany,gdppc,GDP per capita (2011 international $),1972,18301.0
DEU,Germany,gdppc,GDP per capita (2011 international $),1973,19074.0
DEU,Germany,gdppc,GDP per capita (2011 international $),1974,19228.0
DEU,Germany,gdppc,GDP per capita (2011 international $),1975,19193.0
DEU,Germany,gdppc,GDP per capita (2011 international $),1976,20218.0
DEU,Germany,gdppc,GDP per capita (2011 international $),1977,20837.0
DEU,Germany,gdppc,GDP per capita (2011 international $),1978,21447.0
DEU,Germany,gdppc,GDP per capita (2011 international $),1979,22305.0
DEU,Germany,gdppc,GDP per capita (2011 international $),1980,22497.0
DEU,Germany,gdppc,GDP per capita (2011 international $),1981,22553.0
DEU,Germany,gdppc,GDP per capita (2011 international $),1982,22380.0
DEU,Germany,gdppc,GDP per capita (2011 international $),1983,22840.0
DEU,Germany,gdppc,GDP per capita (2011 international $),1984,23564.0
DEU,Germany,gdppc,GDP per capita (2011 international $),1985,24133.0
DEU,Germany,gdppc,GDP per capita (2011 international $),1986,24657.0
DEU,Germany,gdppc,GDP per capita (2011 international $),1987,25027.0
DEU,Germany,gdppc,GDP per capita (2011 international $),1988,25759.0
DEU,Germany,gdppc,GDP per capita (2011 international $),1989,26393.0
DEU,Germany,gdppc,GDP per capita (2011 international $),1990,25391.0
DEU,Germany,gdppc,GDP per capita (2011 international $),1991,26769.96
DEU,Germany,gdppc,GDP per capita (2011 international $),1992,27385.055
DEU,Germany,gdppc,GDP per capita (2011 international $),1993,27250.701
DEU,Germany,gdppc,GDP per capita (2011 international $),1994,28140.057
DEU,Germany,gdppc,GDP per capita (2011 international $),1995,28868.945
DEU,Germany,gdppc,GDP per capita (2011 international $),1996,29349.982
DEU,Germany,gdppc,GDP per capita (2011 international $),1997,30186.945
DEU,Germany,gdppc,GDP per capita (2011 international $),1998,31129.584
DEU,Germany,gdppc,GDP per capita (2011 international $),1999,32087.604
DEU,Germany,gdppc,GDP per capita (2011 international $),2000,33367.285
DEU,Germany,gdppc,GDP per capita (2011 international $),2001,34260.29
DEU,Germany,gdppc,GDP per capita (2011 international $),2002,34590.93
DEU,Germany,gdppc,GDP per capita (2011 international $),2003,34716.44
DEU,Germany,gdppc,GDP per capita (2011 international $),2004,35528.715
DEU,Germany,gdppc,GDP per capita (2011 international $),2005,36205.574
DEU,Germany,gdppc,GDP per capita (2011 international $),2006,38014.137
DEU,Germany,gdppc,GDP per capita (2011 international $),2007,39752.207
DEU,Germany,gdppc,GDP per capita (2011 international $),2008,40715.434
DEU,Germany,gdppc,GDP per capita (2011 international $),2009,38962.938
DEU,Germany,gdppc,GDP per capita (2011 international $),2010,41109.582
DEU,Germany,gdppc,GDP per capita (2011 international $),2011,43189.0
DEU,Germany,gdppc,GDP per capita (2011 international $),2012,43288.32
DEU,Germany,gdppc,GDP per capita (2011 international $),2013,43359.137
DEU,Germany,gdppc,GDP per capita (2011 international $),2014,44132.758
DEU,Germany,gdppc,GDP per capita (2011 international $),2015,44405.168
DEU,Germany,gdppc,GDP per capita (2011 international $),2016,45030.47
DEU,Germany,gdppc,GDP per capita (2011 international $),2017,46065.1
DEU,Germany,gdppc,GDP per capita (2011 international $),2018,46377.39
DEU,Germany,gdppc,GDP per capita (2011 international $),2019,46761.945
DEU,Germany,gdppc,GDP per capita (2011 international $),2020,44996.43
DEU,Germany,gdppc,GDP per capita (2011 international $),2021,46159.05
DEU,Germany,gdppc,GDP per capita (2011 international $),2022,46647.793
DEU,Germany,pop,Population (thousands),1900,54388.0
DEU,Germany,pop,Population (thousands),1901,55214.0
DEU,Germany,pop,Population (thousands),1902,56104.0
DEU,Germany,pop,Population (thousands),1903,56963.0
DEU,Germany,pop,Population (thousands),1904,57806.0
DEU,Germany,pop,Population (thousands),1905,58644.0
DEU,Germany,pop,Population (thousands),1906,59481.0
DEU,Germany,pop,Population (thousands),1907,60341.0
DEU,Germany,pop,Population (thousands),1908,61187.0
DEU,Germany,pop,Population (thousands),1909,62038.0
DEU,Germany,pop,Population (thousands),1910,62884.0
DEU,Germany,pop,Population (thousands),1911,63852.0
DEU,Germany,pop,Population (thousands),1912,64457.0
DEU,Germany,pop,Population (thousands),1913,65058.0
DEU,Germany,pop,Population (thousands),1914,66096.0
DEU,Germany,pop,Population (thousands),1915,66230.0
DEU,Germany,pop,Population (thousands),1916,66076.0
DEU,Germany,pop,Population (thousands),1917,65763.0
DEU,Germany,pop,Population (thousands),1918,65237.0
DEU,Germany,pop,Population (thousands),1919,60547.0
DEU,Germany,pop,Population (thousands),1920,60894.0
DEU,Germany,pop,Population (thousands),1921,61573.0
DEU,Germany,pop,Population (thousands),1922,61900.0
DEU,Germany,pop,Population (thousands),1923,62307.0
DEU,Germany,pop,Population (thousands),1924,62697.0
DEU,Germany,pop,Population (thousands),1925,63166.0
DEU,Germany,pop,Population (thousands),1926,63630.0
DEU,Germany,pop,Population (thousands),1927,64023.0
DEU,Germany,pop,Population (thousands),1928,64393.0
DEU,Germany,pop,Population (thousands),1929,64739.0
DEU,Germany,pop,Population (thousands),1930,65084.0
DEU,Germany,pop,Population (thousands),1931,65423.0
DEU,Germany,pop,Population (thousands),1932,65716.0
DEU,Germany,pop,Population (thousands),1933,66027.0
DEU,Germany,pop,Population (thousands),1934,66409.0
DEU,Germany,pop,Population (thousands),1935,66871.0
DEU,Germany,pop,Population (thousands),1936,67349.0
DEU,Germany,pop,Population (thousands),1937,67831.0
DEU,Germany,pop,Population (thousands),1938,68558.0
DEU,Germany,pop,Population (thousands),1939,69286.0
DEU,Germany,pop,Population (thousands),1940,69835.0
DEU,Germany,pop,Population (thousands),1941,70244.0
DEU,Germany,pop,Population (thousands),1942,70834.0
DEU,Germany,pop,Population (thousands),1943,70411.0
DEU,Germany,pop,Population (thousands),1944,69865.0
DEU,Germany,pop,Population (thousands),1945,67000.0
DEU,Germany,pop,Population (thousands),1946,64678.0
DEU,Germany,pop,Population (thousands),1947,66094.0
DEU,Germany,pop,Population (thousands),1948,67295.0
DEU,Germany,pop,Population (thousands),1949,67991.0
DEU,Germany,pop,Population (thousands),1950,68374.57031247979
DEU,Germany,pop,Population (thousands),1951,68875.8828125
DEU,Germany,pop,Population (thousands),1952,69145.95312498277
DEU,Germany,pop,Population (thousands),1953,69550.23437490406
DEU,Germany,pop,Population (thousands),1954,69868.11718747011
DEU,Germany,pop,Population (thousands),1955,70195.609375
DEU,Germany,pop,Population (thousands),1956,70602.51562492382
DEU,Germany,pop,Population (thousands),1957,71019.07031242752
DEU,Germany,pop,Population (thousands),1958,71488.16406248254
DEU,Germany,pop,Population (thousands),1959,72013.8515625
DEU,Germany,pop,Population (thousands),1960,72480.86718742875
DEU,Germany,pop,Population (thousands),1961,73123.14843747533
DEU,Germany,pop,Population (thousands),1962,73739.11718747139
DEU,Germany,pop,Population (thousands),1963,74340.25781244856
DEU,Germany,pop,Population (thousands),1964,74954.26562494667
DEU,Germany,pop,Population (thousands),1965,75638.85156249146
DEU,Germany,pop,Population (thousands),1966,76206.17187496659
DEU,Germany,pop,Population (thousands),1967,76368.45312497497
DEU,Germany,pop,Population (thousands),1968,76584.39843744833
DEU,Germany,pop,Population (thousands),1969,77143.89062496246
DEU,Germany,pop,Population (thousands),1970,77783.16406245297
DEU,Germany,pop,Population (thousands),1971,78354.71093747522
DEU,Germany,pop,Population (thousands),1972,78717.08593748974
DEU,Germany,pop,Population (thousands),1973,78950.21874997379
DEU,Germany,pop,Population (thousands),1974,78966.140624974
DEU,Germany,pop,Population (thousands),1975,78682.3281249935
DEU,Germany,pop,Population (thousands),1976,78298.95312498763
DEU,Germany,pop,Population (thousands),1977,78160.773437491
DEU,Germany,pop,Population (thousands),1978,78066.07031249125
DEU,Germany,pop,Population (thousands),1979,78081.28906249719
DEU,Germany,pop,Population (thousands),1980,78297.90624998888
DEU,Germany,pop,Population (thousands),1981,78401.82812499446
DEU,Germany,pop,Population (thousands),1982,78335.26562497766
DEU,Germany,pop,Population (thousands),1983,78121.65625
DEU,Germany,pop,Population (thousands),1984,77855.42187497878
DEU,Germany,pop,Population (thousands),1985,77684.90624998964
DEU,Germany,pop,Population (thousands),1986,77713.48437498478
DEU,Germany,pop,Population (thousands),1987,77718.29687497503
DEU,Germany,pop,Population (thousands),1988,78030.57031247331
DEU,Germany,pop,Population (thousands),1989,78644.9140624787
DEU,Germany,pop,Population (thousands),1990,79380.39062498523
DEU,Germany,pop,Population (thousands),1991,79989.5262387766
DEU,Germany,pop,Population (thousands),1992,80516.63189367339
DEU,Germany,pop,Population (thousands),1993,80962.71926061645
DEU,Germany,pop,Population (thousands),1994,81163.75677593687
DEU,Germany,pop,Population (thousands),1995,81324.79775530419
DEU,Germany,pop,Population (thousands),1996,81482.82929621558
DEU,Germany,pop,Population (thousands),1997,81526.84459394615
DEU,Germany,pop,Population (thousands),1998,81462.82027161044
DEU,Germany,pop,Population (thousands),1999,81438.8190831263
DEU,Germany,pop,Population (thousands),2000,81473.82850651468
DEU,Germany,pop,Population (thousands),2001,81533.84151888381
DEU,Germany,pop,Population (thousands),2002,81594.85082534641
DEU,Germany,pop,Population (thousands),2003,81565.85486645519
DEU,Germany,pop,Population (thousands),2004,81472.82776666705
DEU,Germany,pop,Population (thousands),2005,81353.79736650495
DEU,Germany,pop,Population (thousands),2006,81189.77283680016
DEU,Germany,pop,Population (thousands),2007,81008.72662617198
DEU,Germany,pop,Population (thousands),2008,80780.67888147771
DEU,Germany,pop,Population (thousands),2009,80499.63177946181
DEU,Germany,pop,Population (thousands),2010,80300.57818602971
DEU,Germany,pop,Population (thousands),2011,80291.57812498554
DEU,Germany,pop,Population (thousands),2012,80442.60995571091
DEU,Germany,pop,Population (thousands),2013,80662.65572677333
DEU,Germany,pop,Population (thousands),2014,80999.7262183569
DEU,Germany,pop,Population (thousands),2015,81703.86712999262
DEU,Germany,pop,Population (thousands),2016,82366.00552610266
DEU,Germany,pop,Population (thousands),2017,82674.07311674132
DEU,Germany,pop,Population (thousands),2018,82923.13393000339
DEU,Germany,pop,Population (thousands),2019,83110.1568053895
DEU,Germany,pop,Population (thousands),2020,83178.17910980938
DEU,Germany,pop,Population (thousands),2021,83213.1889083939
DEU,Germany,pop,Population (thousands),2022,83811.31244384918
ESP,Spain,gdp,GDP (2011 international $),1900,49615604343.0
ESP,Spain,gdp,GDP (2011 international $),1901,53765015637.0
ESP,Spain,gdp,GDP (2011 international $),1902,51405967894.0
ESP,Spain,gdp,GDP (2011 international $),1903,51248051400.0
ESP,Spain,gdp,GDP (2011 international $),1904,50617352233.0
ESP,Spain,gdp,GDP (2011 international $),1905,50106902677.0
ESP,Spain,gdp,GDP (2011 international $),1906,53523442897.0
ESP,Spain,gdp,GDP (2011 international $),1907,54929881799.0
ESP,Spain,gdp,GDP (2011 international $),1908,57047126796.0
ESP,Spain,gdp,GDP (2011 international $),1909,58655314246.0
ESP,Spain,gdp,GDP (2011 international $),1910,55984923451.0
ESP,Spain,gdp,GDP (2011 international $),1911,60455090452.0
ESP,Spain,gdp,GDP (2011 international $),1912,58594254210.0
ESP,Spain,gdp,GDP (2011 international $),1913,62071841823.0
ESP,Spain,gdp,GDP (2011 international $),1914,60341253044.0
ESP,Spain,gdp,GDP (2011 international $),1915,60959897186.0
ESP,Spain,gdp,GDP (2011 international $),1916,63524061021.0
ESP,Spain,gdp,GDP (2011 international $),1917,62644808830.0
ESP,Spain,gdp,GDP (2011 international $),1918,62339052209.0
ESP,Spain,gdp,GDP (2011 international $),1919,63712466205.0
ESP,Spain,gdp,GDP (2011 international $),1920,68777212589.0
ESP,Spain,gdp,GDP (2011 international $),1921,71038577304.0
ESP,Spain,gdp,GDP (2011 international $),1922,74037390965.0
ESP,Spain,gdp,GDP (2011 international $),1923,74910002743.0
ESP,Spain,gdp,GDP (2011 international $),1924,77546640562.0
ESP,Spain,gdp,GDP (2011 international $),1925,82930387095.0
ESP,Spain,gdp,GDP (2011 international $),1926,82091293145.0
ESP,Spain,gdp,GDP (2011 international $),1927,89945675370.0
ESP,Spain,gdp,GDP (2011 international $),1928,89652461897.0
ESP,Spain,gdp,GDP (2011 international $),1929,96751349653.0
ESP,Spain,gdp,GDP (2011 international $),1930,91863680339.0
ESP,Spain,gdp,GDP (2011 international $),1931,89537393432.0
ESP,Spain,gdp,GDP (2011 international $),1932,92028157957.0
ESP,Spain,gdp,GDP (2011 international $),1933,88907808729.0
ESP,Spain,gdp,GDP (2011 international $),1934,91986586687.0
ESP,Spain,gdp,GDP (2011 international $),1935,93457134949.0
ESP,Spain,gdp,GDP (2011 international $),1936,71257281936.0
ESP,Spain,gdp,GDP (2011 international $),1937,66366878612.0
ESP,Spain,gdp,GDP (2011 international $),1938,66548263542.0
ESP,Spain,gdp,GDP (2011 international $),1939,73524114402.0
ESP,Spain,gdp,GDP (2011 international $),1940,81571532345.0
ESP,Spain,gdp,GDP (2011 international $),1941,82802975791.0
ESP,Spain,gdp,GDP (2011 international $),1942,88732913781.0
ESP,Spain,gdp,GDP (2011 international $),1943,93584149661.0
ESP,Spain,gdp,GDP (2011 international $),1944,97622431672.0
ESP,Spain,gdp,GDP (2011 international $),1945,89865208397.0
ESP,Spain,gdp,GDP (2011 international $),1946,93683102812.0
ESP,Spain,gdp,GDP (2011 international $),1947,95527647089.0
ESP,Spain,gdp,GDP (2011 international $),1948,95314007881.0
ESP,Spain,gdp,GDP (2011 international $),1949,94862399112.0
ESP,Spain,gdp,GDP (2011 international $),1950,97082141549.0
ESP,Spain,gdp,GDP (2011 international $),1951,107135111220.0
ESP,Spain,gdp,GDP (2011 international $),1952,117037316826.0
ESP,Spain,gdp,GDP (2011 international $),1953,116997111488.0
ESP,Spain,gdp,GDP (2011 international $),1954,125599455878.0
ESP,Spain,gdp,GDP (2011 international $),1955,130079580171.0
ESP,Spain,gdp,GDP (2011 international $),1956,140913923135.0
ESP,Spain,gdp,GDP (2011 international $),1957,146029599456.0
ESP,Spain,gdp,GDP (2011 international $),1958,155616207735.0
ESP,Spain,gdp,GDP (2011 international $),1959,154272947975.0
ESP,Spain,gdp,GDP (2011 international $),1960,154173169672.0
ESP,Spain,gdp,GDP (2011 international $),1961,172488155832.0
ESP,Spain,gdp,GDP (2011 international $),1962,189313561311.0
ESP,Spain,gdp,GDP (2011 international $),1963,208429230710.0
ESP,Spain,gdp,GDP (2011 international $),1964,220233702851.0
ESP,Spain,gdp,GDP (2011 international $),1965,237809915205.0
ESP,Spain,gdp,GDP (2011 international $),1966,255489515626.0
ESP,Spain,gdp,GDP (2011 international $),1967,269604632207.0
ESP,Spain,gdp,GDP (2011 international $),1968,285820787266.0
ESP,Spain,gdp,GDP (2011 international $),1969,312133393248.0
ESP,Spain,gdp,GDP (2011 international $),1970,321926142779.0
ESP,Spain,gdp,GDP (2011 international $),1971,338048103046.0
ESP,Spain,gdp,GDP (2011 international $),1972,372317354924.0
ESP,Spain,gdp,GDP (2011 international $),1973,405140617462.0
ESP,Spain,gdp,GDP (2011 international $),1974,435579697892.0
ESP,Spain,gdp,GDP (2011 international $),1975,448574399290.0
ESP,Spain,gdp,GDP (2011 international $),1976,469577519262.0
ESP,Spain,gdp,GDP (2011 international $),1977,485921786936.0
ESP,Spain,gdp,GDP (2011 international $),1978,500155434996.0
ESP,Spain,gdp,GDP (2011 international $),1979,508825301220.0
ESP,Spain,gdp,GDP (2011 international $),1980,525059508554.0
ESP,Spain,gdp,GDP (2011 international $),1981,524559247712.0
ESP,Spain,gdp,GDP (2011 international $),1982,533517521466.0
ESP,Spain,gdp,GDP (2011 international $),1983,543778554928.0
ESP,Spain,gdp,GDP (2011 international $),1984,549100119120.0
ESP,Spain,gdp,GDP (2011 international $),1985,566345396304.0
ESP,Spain,gdp,GDP (2011 international $),1986,590018500094.0
ESP,Spain,gdp,GDP (2011 international $),1987,632708985294.0
ESP,Spain,gdp,GDP (2011 international $),1988,674675657635.0
ESP,Spain,gdp,GDP (2011 international $),1989,719992436668.0
ESP,Spain,gdp,GDP (2011 international $),1990,756125036542.0
ESP,Spain,gdp,GDP (2011 international $),1991,786757895205.0
ESP,Spain,gdp,GDP (2011 international $),1992,803260934603.0
ESP,Spain,gdp,GDP (2011 international $),1993,794221319057.0
ESP,Spain,gdp,GDP (2011 international $),1994,820138301435.0
ESP,Spain,gdp,GDP (2011 international $),1995,855020227557.0
ESP,Spain,gdp,GDP (2011 international $),1996,885027554238.0
ESP,Spain,gdp,GDP (2011 international $),1997,925901360531.0
ESP,Spain,gdp,GDP (2011 international $),1998,976805803240.0
ESP,Spain,gdp,GDP (2011 international $),1999,1031651264612.0
ESP,Spain,gdp,GDP (2011 international $),2000,1094998702299.0
ESP,Spain,gdp,GDP (2011 international $),2001,1147959133197.0
ESP,Spain,gdp,GDP (2011 international $),2002,1191323484900.0
ESP,Spain,gdp,GDP (2011 international $),2003,1239651963472.0
ESP,Spain,gdp,GDP (2011 international $),2004,1289831715789.0
ESP,Spain,gdp,GDP (2011 international $),2005,1348839731490.0
ESP,Spain,gdp,GDP (2011 international $),2006,1415738502534.0
ESP,Spain,gdp,GDP (2011 international $),2007,1481143208580.0
ESP,Spain,gdp,GDP (2011 international $),2008,1510615290401.0
ESP,Spain,gdp,GDP (2011 international $),2009,1468765814163.0
ESP,Spain,gdp,GDP (2011 international $),2010,1480376411582.0
ESP,Spain,gdp,GDP (2011 international $),2011,1477187548437.0
ESP,Spain,gdp,GDP (2011 international $),2012,1433478645419.0
ESP,Spain,gdp,GDP (2011 international $),2013,1413362053623.0
ESP,Spain,gdp,GDP (2011 international $),2014,1433089409797.0
ESP,Spain,gdp,GDP (2011 international $),2015,1488098863146.0
ESP,Spain,gdp,GDP (2011 international $),2016,1533303930046.0
ESP,Spain,gdp,GDP (2011 international $),2017,1578931492849.0
ESP,Spain,gdp,GDP (2011 international $),2018,1615001473949.0
ESP,Spain,gdp,GDP (2011 international $),2019,1647042667976.0
ESP,Spain,gdp,GDP (2011 international $),2020,1460507935923.0
ESP,Spain,gdp,GDP (2011 international $),2021,1541121952313.0
ESP,Spain,gdp,GDP (2011 international $),2022,1625139888517.0
ESP,Spain,gdppc,GDP per capita (2011 international $),1900,2672.3906
ESP,Spain,gdppc,GDP per capita (2011 international $),1901,2881.4521
ESP,Spain,gdppc,GDP per capita (2011 international $),1902,2736.1064
ESP,Spain,gdppc,GDP per capita (2011 international $),1903,2708.814
ESP,Spain,gdppc,GDP per capita (2011 international $),1904,2657.0789
ESP,Spain,gdppc,GDP per capita (2011 international $),1905,2618.8733
ESP,Spain,gdppc,GDP per capita (2011 international $),1906,2770.9382
ESP,Spain,gdppc,GDP per capita (2011 international $),1907,2824.1584
ESP,Spain,gdppc,GDP per capita (2011 international $),1908,2912.7969
ESP,Spain,gdppc,GDP per capita (2011 international $),1909,2974.2566
ESP,Spain,gdppc,GDP per capita (2011 international $),1910,2819.263
ESP,Spain,gdppc,GDP per capita (2011 international $),1911,3023.6616
ESP,Spain,gdppc,GDP per capita (2011 international $),1912,2911.0818
ESP,Spain,gdppc,GDP per capita (2011 international $),1913,3063.3096
ESP,Spain,gdppc,GDP per capita (2011 international $),1914,2958.1946
ESP,Spain,gdppc,GDP per capita (2011 international $),1915,2968.5852
ESP,Spain,gdppc,GDP per capita (2011 international $),1916,3072.8032
ESP,Spain,gdppc,GDP per capita (2011 international $),1917,3010.1777
ESP,Spain,gdppc,GDP per capita (2011 international $),1918,2975.611
ESP,Spain,gdppc,GDP per capita (2011 international $),1919,3020.8367
ESP,Spain,gdppc,GDP per capita (2011 international $),1920,3239.3186
ESP,Spain,gdppc,GDP per capita (2011 international $),1921,3317.8542
ESP,Spain,gdppc,GDP per capita (2011 international $),1922,3423.2195
ESP,Spain,gdppc,GDP per capita (2011 international $),1923,3428.8462
ESP,Spain,gdppc,GDP per capita (2011 international $),1924,3513.8267
ESP,Spain,gdppc,GDP per capita (2011 international $),1925,3720.186
ESP,Spain,gdppc,GDP per capita (2011 international $),1926,3645.5854
ESP,Spain,gdppc,GDP per capita (2011 international $),1927,3954.1775
ESP,Spain,gdppc,GDP per capita (2011 international $),1928,3901.835
ESP,Spain,gdppc,GDP per capita (2011 international $),1929,4168.52
ESP,Spain,gdppc,GDP per capita (2011 international $),1930,3918.2632
ESP,Spain,gdppc,GDP per capita (2011 international $),1931,3781.9385
ESP,Spain,gdppc,GDP per capita (2011 international $),1932,3851.034
ESP,Spain,gdppc,GDP per capita (2011 international $),1933,3685.756
ESP,Spain,gdppc,GDP per capita (2011 international $),1934,3777.8384
ESP,Spain,gdppc,GDP per capita (2011 international $),1935,3802.3164
ESP,Spain,gdppc,GDP per capita (2011 international $),1936,2872.1194
ESP,Spain,gdppc,GDP per capita (2011 international $),1937,2650.117
ESP,Spain,gdppc,GDP per capita (2011 international $),1938,2632.5513
ESP,Spain,gdppc,GDP per capita (2011 international $),1939,2881.3777
ESP,Spain,gdppc,GDP per capita (2011 international $),1940,3166.9656
ESP,Spain,gdppc,GDP per capita (2011 international $),1941,3187.3042
ESP,Spain,gdppc,GDP per capita (2011 international $),1942,3389.0808
ESP,Spain,gdppc,GDP per capita (2011 international $),1943,3546.6006
ESP,Spain,gdppc,GDP per capita (2011 international $),1944,3670.8442
ESP,Spain,gdppc,GDP per capita (2011 international $),1945,3352.9292
ESP,Spain,gdppc,GDP per capita (2011 international $),1946,3468.2031
ESP,Spain,gdppc,GDP per capita (2011 international $),1947,3509.0786
ESP,Spain,gdppc,GDP per capita (2011 international $),1948,3473.9224
ESP,Spain,gdppc,GDP per capita (2011 international $),1949,3430.704
ESP,Spain,gdppc,GDP per capita (2011 international $),1950,3459.4402
ESP,Spain,gdppc,GDP per capita (2011 international $),1951,3785.9592
ESP,Spain,gdppc,GDP per capita (2011 international $),1952,4099.3994
ESP,Spain,gdppc,GDP per capita (2011 international $),1953,4061.8174
ESP,Spain,gdppc,GDP per capita (2011 international $),1954,4322.012
ESP,Spain,gdppc,GDP per capita (2011 international $),1955,4436.738
ESP,Spain,gdppc,GDP per capita (2011 international $),1956,4763.9624
ESP,Spain,gdppc,GDP per capita (2011 international $),1957,4893.489
ESP,Spain,gdppc,GDP per capita (2011 international $),1958,5168.911
ESP,Spain,gdppc,GDP per capita (2011 international $),1959,5079.3
ESP,Spain,gdppc,GDP per capita (2011 international $),1960,5031.5664
ESP,Spain,gdppc,GDP per capita (2011 international $),1961,5581.4375
ESP,Spain,gdppc,GDP per capita (2011 international $),1962,6075.9097
ESP,Spain,gdppc,GDP per capita (2011 international $),1963,6631.5728
ESP,Spain,gdppc,GDP per capita (2011 international $),1964,6938.4917
ESP,Spain,gdppc,GDP per capita (2011 international $),1965,7411.985
ESP,Spain,gdppc,GDP per capita (2011 international $),1966,7872.8496
ESP,Spain,gdppc,GDP per capita (2011 international $),1967,8207.074
ESP,Spain,gdppc,GDP per capita (2011 international $),1968,8598.881
ESP,Spain,gdppc,GDP per capita (2011 international $),1969,9299.07
ESP,Spain,gdppc,GDP per capita (2011 international $),1970,9502.939
ESP,Spain,gdppc,GDP per capita (2011 international $),1971,9885.877
ESP,Spain,gdppc,GDP per capita (2011 international $),1972,10787.692
ESP,Spain,gdppc,GDP per capita (2011 international $),1973,11629.702
ESP,Spain,gdppc,GDP per capita (2011 international $),1974,12379.95
ESP,Spain,gdppc,GDP per capita (2011 international $),1975,12613.324
ESP,Spain,gdppc,GDP per capita (2011 international $),1976,13044.986
ESP,Spain,gdppc,GDP per capita (2011 international $),1977,13335.212
ESP,Spain,gdppc,GDP per capita (2011 international $),1978,13568.676
ESP,Spain,gdppc,GDP per capita (2011 international $),1979,13678.094
ESP,Spain,gdppc,GDP per capita (2011 international $),1980,14005.935
ESP,Spain,gdppc,GDP per capita (2011 international $),1981,13895.314
ESP,Spain,gdppc,GDP per capita (2011 international $),1982,14046.1045
ESP,Spain,gdppc,GDP per capita (2011 international $),1983,14240.944
ESP,Spain,gdppc,GDP per capita (2011 international $),1984,14313.326
ESP,Spain,gdppc,GDP per capita (2011 international $),1985,14696.966
ESP,Spain,gdppc,GDP per capita (2011 international $),1986,15242.98
ESP,Spain,gdppc,GDP per capita (2011 international $),1987,16273.085
ESP,Spain,gdppc,GDP per capita (2011 international $),1988,17275.508
ESP,Spain,gdppc,GDP per capita (2011 international $),1989,18360.352
ESP,Spain,gdppc,GDP per capita (2011 international $),1990,19215.0
ESP,Spain,gdppc,GDP per capita (2011 international $),1991,19958.06
ESP,Spain,gdppc,GDP per capita (2011 international $),1992,20329.168
ESP,Spain,gdppc,GDP per capita (2011 international $),1993,20056.54
ESP,Spain,gdppc,GDP per capita (2011 international $),1994,20673.955
ESP,Spain,gdppc,GDP per capita (2011 international $),1995,21522.098
ESP,Spain,gdppc,GDP per capita (2011 international $),1996,22185.066
ESP,Spain,gdppc,GDP per capita (2011 international $),1997,23113.615
ESP,Spain,gdppc,GDP per capita (2011 international $),1998,24284.861
ESP,Spain,gdppc,GDP per capita (2011 international $),1999,25549.54
ESP,Spain,gdppc,GDP per capita (2011 international $),2000,26994.86
ESP,Spain,gdppc,GDP per capita (2011 international $),2001,28153.553
ESP,Spain,gdppc,GDP per capita (2011 international $),2002,28753.322
ESP,Spain,gdppc,GDP per capita (2011 international $),2003,29371.865
ESP,Spain,gdppc,GDP per capita (2011 international $),2004,30088.092
ESP,Spain,gdppc,GDP per capita (2011 international $),2005,30885.602
ESP,Spain,gdppc,GDP per capita (2011 international $),2006,31907.424
ESP,Spain,gdppc,GDP per capita (2011 international $),2007,32735.434
ESP,Spain,gdppc,GDP per capita (2011 international $),2008,32844.324
ESP,Spain,gdppc,GDP per capita (2011 international $),2009,31669.691
ESP,Spain,gdppc,GDP per capita (2011 international $),2010,31786.404
ESP,Spain,gdppc,GDP per capita (2011 international $),2011,31600.0
ESP,Spain,gdppc,GDP per capita (2011 international $),2012,30645.215
ESP,Spain,gdppc,GDP per capita (2011 international $),2013,30327.451
ESP,Spain,gdppc,GDP per capita (2011 international $),2014,30842.184
ESP,Spain,gdppc,GDP per capita (2011 international $),2015,32057.098
ESP,Spain,gdppc,GDP per capita (2011 international $),2016,33002.676
ESP,Spain,gdppc,GDP per capita (2011 international $),2017,33924.137
ESP,Spain,gdppc,GDP per capita (2011 international $),2018,34553.625
ESP,Spain,gdppc,GDP per capita (2011 international $),2019,34957.465
ESP,Spain,gdppc,GDP per capita (2011 international $),2020,30834.514
ESP,Spain,gdppc,GDP per capita (2011 international $),2021,32553.05
ESP,Spain,gdppc,GDP per capita (2011 international $),2022,34123.387
ESP,Spain,pop,Population (thousands),1900,18566.000173402794
ESP,Spain,pop,Population (thousands),1901,18659.00031341836
ESP,Spain,pop,Population (thousands),1902,18788.00031095282
ESP,Spain,pop,Population (thousands),1903,18918.999754135944
ESP,Spain,pop,Population (thousands),1904,19049.999694401246
ESP,Spain,pop,Population (thousands),1905,19132.999934361087
ESP,Spain,pop,Population (thousands),1906,19316.000225844084
ESP,Spain,pop,Population (thousands),1907,19450.00032540668
ESP,Spain,pop,Population (thousands),1908,19584.99983160515
ESP,Spain,pop,Population (thousands),1909,19720.999945330877
ESP,Spain,pop,Population (thousands),1910,19857.999573292735
ESP,Spain,pop,Population (thousands),1911,19994.000139433592
ESP,Spain,pop,Population (thousands),1912,20127.999910548715
ESP,Spain,pop,Population (thousands),1913,20262.999803545812
ESP,Spain,pop,Population (thousands),1914,20397.99986248369
ESP,Spain,pop,Population (thousands),1915,20535.000035033525
ESP,Spain,pop,Population (thousands),1916,20673.00015210867
ESP,Spain,pop,Population (thousands),1917,20811.000237627166
ESP,Spain,pop,Population (thousands),1918,20950.000591139098
ESP,Spain,pop,Population (thousands),1919,21090.99978989265
ESP,Spain,pop,Population (thousands),1920,21232.00002278257
ESP,Spain,pop,Population (thousands),1921,21411.00030977853
ESP,Spain,pop,Population (thousands),1922,21627.999888701263
ESP,Spain,pop,Population (thousands),1923,21846.999945054406
ESP,Spain,pop,Population (thousands),1924,22068.99974947541
ESP,Spain,pop,Population (thousands),1925,22292.000210473347
ESP,Spain,pop,Population (thousands),1926,22518.00030387438
ESP,Spain,pop,Population (thousands),1927,22746.9999437304
ESP,Spain,pop,Population (thousands),1928,22976.99976985188
ESP,Spain,pop,Population (thousands),1929,23210.000108671662
ESP,Spain,pop,Population (thousands),1930,23444.999901742183
ESP,Spain,pop,Population (thousands),1931,23674.999853117653
ESP,Spain,pop,Population (thousands),1932,23896.99959984773
ESP,Spain,pop,Population (thousands),1933,24122.00067747295
ESP,Spain,pop,Population (thousands),1934,24348.99986378454
ESP,Spain,pop,Population (thousands),1935,24579.000040343828
ESP,Spain,pop,Population (thousands),1936,24809.99986838987
ESP,Spain,pop,Population (thousands),1937,25042.99946455194
ESP,Spain,pop,Population (thousands),1938,25278.999707242172
ESP,Spain,pop,Population (thousands),1939,25516.999871970966
ESP,Spain,pop,Population (thousands),1940,25756.999806060416
ESP,Spain,pop,Population (thousands),1941,25978.999993474106
ESP,Spain,pop,Population (thousands),1942,26182.000081260972
ESP,Spain,pop,Population (thousands),1943,26386.999895336394
ESP,Spain,pop,Population (thousands),1944,26594.00027710247
ESP,Spain,pop,Population (thousands),1945,26801.99999361752
ESP,Spain,pop,Population (thousands),1946,27012.000194567612
ESP,Spain,pop,Population (thousands),1947,27223.000102933005
ESP,Spain,pop,Population (thousands),1948,27436.999709895652
ESP,Spain,pop,Population (thousands),1949,27651.000818490895
ESP,Spain,pop,Population (thousands),1950,28062.962773283376
ESP,Spain,pop,Population (thousands),1951,28298.009978554448
ESP,Spain,pop,Population (thousands),1952,28549.869238405994
ESP,Spain,pop,Population (thousands),1953,28804.128784322013
ESP,Spain,pop,Population (thousands),1954,29060.413501397037
ESP,Spain,pop,Population (thousands),1955,29318.742772505382
ESP,Spain,pop,Population (thousands),1956,29579.1425925192
ESP,Spain,pop,Population (thousands),1957,29841.611875698505
ESP,Spain,pop,Population (thousands),1958,30106.18827350674
ESP,Spain,pop,Population (thousands),1959,30372.875785049117
ESP,Spain,pop,Population (thousands),1960,30641.187537940474
ESP,Spain,pop,Population (thousands),1961,30903.89453111318
ESP,Spain,pop,Population (thousands),1962,31158.06038246421
ESP,Spain,pop,Population (thousands),1963,31429.833765830033
ESP,Spain,pop,Population (thousands),1964,31740.86132451524
ESP,Spain,pop,Population (thousands),1965,32084.51112691135
ESP,Spain,pop,Population (thousands),1966,32451.974647908937
ESP,Spain,pop,Population (thousands),1967,32850.274312989015
ESP,Spain,pop,Population (thousands),1968,33239.30023755417
ESP,Spain,pop,Population (thousands),1969,33566.087065480744
ESP,Spain,pop,Population (thousands),1970,33876.48208401632
ESP,Spain,pop,Population (thousands),1971,34195.05452535977
ESP,Spain,pop,Population (thousands),1972,34513.161380951555
ESP,Spain,pop,Population (thousands),1973,34836.715288319516
ESP,Spain,pop,Population (thousands),1974,35184.28571133163
ESP,Spain,pop,Population (thousands),1975,35563.53577296516
ESP,Spain,pop,Population (thousands),1976,35996.782155381385
ESP,Spain,pop,Population (thousands),1977,36438.99976513309
ESP,Spain,pop,Population (thousands),1978,36861.03456195726
ESP,Spain,pop,Population (thousands),1979,37200.014945064715
ESP,Spain,pop,Population (thousands),1980,37488.35822485254
ESP,Spain,pop,Population (thousands),1981,37750.80201224672
ESP,Spain,pop,Population (thousands),1982,37983.308572565446
ESP,Spain,pop,Population (thousands),1983,38184.16496322154
ESP,Spain,pop,Population (thousands),1984,38362.85983565245
ESP,Spain,pop,Population (thousands),1985,38534.851091306875
ESP,Spain,pop,Population (thousands),1986,38707.55587778768
ESP,Spain,pop,Population (thousands),1987,38880.70303166241
ESP,Spain,pop,Population (thousands),1988,39053.882388581565
ESP,Spain,pop,Population (thousands),1989,39214.52250305441
ESP,Spain,pop,Population (thousands),1990,39350.769531199585
ESP,Spain,pop,Population (thousands),1991,39420.559673886135
ESP,Spain,pop,Population (thousands),1992,39512.73040800292
ESP,Spain,pop,Population (thousands),1993,39599.11924275074
ESP,Spain,pop,Population (thousands),1994,39670.12124361304
ESP,Spain,pop,Population (thousands),1995,39727.55014669109
ESP,Spain,pop,Population (thousands),1996,39892.94213675091
ESP,Spain,pop,Population (thousands),1997,40058.69962491804
ESP,Spain,pop,Population (thousands),1998,40222.82866844492
ESP,Spain,pop,Population (thousands),1999,40378.46726837352
ESP,Spain,pop,Population (thousands),2000,40563.22952958452
ESP,Spain,pop,Population (thousands),2001,40774.92930277752
ESP,Spain,pop,Population (thousands),2002,41432.551164001154
ESP,Spain,pop,Population (thousands),2003,42205.42221176626
ESP,Spain,pop,Population (thousands),2004,42868.51142933889
ESP,Spain,pop,Population (thousands),2005,43672.12047510034
ESP,Spain,pop,Population (thousands),2006,44370.19116723431
ESP,Spain,pop,Population (thousands),2007,45245.870532219
ESP,Spain,pop,Population (thousands),2008,45993.19171254674
ESP,Spain,pop,Population (thousands),2009,46377.64903241399
ESP,Spain,pop,Population (thousands),2010,46572.629341211425
ESP,Spain,pop,Population (thousands),2011,46746.441406234175
ESP,Spain,pop,Population (thousands),2012,46776.58960522874
ESP,Spain,pop,Population (thousands),2013,46603.39088909912
ESP,Spain,pop,Population (thousands),2014,46465.23766919359
ESP,Spain,pop,Population (thousands),2015,46420.26122096267
ESP,Spain,pop,Population (thousands),2016,46459.987973278294
ESP,Spain,pop,Population (thousands),2017,46543.01133287488
ESP,Spain,pop,Population (thousands),2018,46738.98828122954
ESP,Spain,pop,Population (thousands),2019,47115.62088315043
ESP,Spain,pop,Population (thousands),2020,47366.01121467327
ESP,Spain,pop,Population (thousands),2021,47341.86051116562
ESP,Spain,pop,Population (thousands),2022,47625.39804495374
EST,Estonia,gdp,GDP (2011 international $),1973,19468126786.0
EST,Estonia,gdp,GDP (2011 international $),1980,22298157299.0
EST,Estonia,gdp,GDP (2011 international $),1981,23113575898.0
EST,Estonia,gdp,GDP (2011 international $),1982,23954892363.0
EST,Estonia,gdp,GDP (2011 international $),1983,24781532566.0
EST,Estonia,gdp,GDP (2011 international $),1984,25425293342.0
EST,Estonia,gdp,GDP (2011 international $),1985,25443763167.0
EST,Estonia,gdp,GDP (2011 international $),1986,26143514714.0
EST,Estonia,gdp,GDP (2011 international $),1987,26398461135.0
EST,Estonia,gdp,GDP (2011 international $),1988,27713411813.0
EST,Estonia,gdp,GDP (2011 international $),1989,29500419830.0
EST,Estonia,gdp,GDP (2011 international $),1990,27066096904.0
EST,Estonia,gdp,GDP (2011 international $),1991,23940083198.0
EST,Estonia,gdp,GDP (2011 international $),1992,20201098370.0
EST,Estonia,gdp,GDP (2011 international $),1993,18206161939.0
EST,Estonia,gdp,GDP (2011 international $),1994,17713297126.0
EST,Estonia,gdp,GDP (2011 international $),1995,18632898028.0
EST,Estonia,gdp,GDP (2011 international $),1996,19286856884.0
EST,Estonia,gdp,GDP (2011 international $),1997,21171918456.0
EST,Estonia,gdp,GDP (2011 international $),1998,21698756967.0
EST,Estonia,gdp,GDP (2011 international $),1999,21126870271.0
EST,Estonia,gdp,GDP (2011 international $),2000,23525730943.0
EST,Estonia,gdp,GDP (2011 international $),2001,24618992841.0
EST,Estonia,gdp,GDP (2011 international $),2002,25689833693.0
EST,Estonia,gdp,GDP (2011 international $),2003,27160243367.0
EST,Estonia,gdp,GDP (2011 international $),2004,28392969678.0
EST,Estonia,gdp,GDP (2011 international $),2005,30566893529.0
EST,Estonia,gdp,GDP (2011 international $),2006,33162229951.0
EST,Estonia,gdp,GDP (2011 international $),2007,35115520992.0
EST,Estonia,gdp,GDP (2011 international $),2008,32659893005.0
EST,Estonia,gdp,GDP (2011 international $),2009,27402480486.0
EST,Estonia,gdp,GDP (2011 international $),2010,27586968284.0
EST,Estonia,gdp,GDP (2011 international $),2011,29217295065.0
EST,Estonia,gdp,GDP (2011 international $),2012,30160490093.0
EST,Estonia,gdp,GDP (2011 international $),2013,30600421813.0
EST,Estonia,gdp,GDP (2011 international $),2014,31521829560.0
EST,Estonia,gdp,GDP (2011 international $),2015,32106015454.0
EST,Estonia,gdp,GDP (2011 international $),2016,33119083785.0
EST,Estonia,gdp,GDP (2011 international $),2017,35037377711.0
EST,Estonia,gdp,GDP (2011 international $),2018,36363239216.0
EST,Estonia,gdp,GDP (2011 international $),2019,37723175050.0
EST,Estonia,gdp,GDP (2011 international $),2020,37515273353.0
EST,Estonia,gdp,GDP (2011 international $),2021,40521483538.0
EST,Estonia,gdp,GDP (2011 international $),2022,39999856613.0
EST,Estonia,gdppc,GDP per capita (2011 international $),1973,13799.0
EST,Estonia,gdppc,GDP per capita (2011 international $),1980,15044.0
EST,Estonia,gdppc,GDP per capita (2011 international $),1981,15478.0
EST,Estonia,gdppc,GDP per capita (2011 international $),1982,15927.0
EST,Estonia,gdppc,GDP per capita (2011 international $),1983,16361.0
EST,Estonia,gdppc,GDP per capita (2011 international $),1984,16660.0
EST,Estonia,gdppc,GDP per capita (2011 international $),1985,16541.0
EST,Estonia,gdppc,GDP per capita (2011 international $),1986,16866.0
EST,Estonia,gdppc,GDP per capita (2011 international $),1987,16898.0
EST,Estonia,gdppc,GDP per capita (2011 international $),1988,17661.0
EST,Estonia,gdppc,GDP per capita (2011 international $),1989,18779.0
EST,Estonia,gdppc,GDP per capita (2011 international $),1990,17247.0
EST,Estonia,gdppc,GDP per capita (2011 international $),1991,15350.635
EST,Estonia,gdppc,GDP per capita (2011 international $),1992,13214.388
EST,Estonia,gdppc,GDP per capita (2011 international $),1993,12207.185
EST,Estonia,gdppc,GDP per capita (2011 international $),1994,12070.061
EST,Estonia,gdppc,GDP per capita (2011 international $),1995,12881.278
EST,Estonia,gdppc,GDP per capita (2011 international $),1996,13547.661
EST,Estonia,gdppc,GDP per capita (2011 international $),1997,15074.775
EST,Estonia,gdppc,GDP per capita (2011 international $),1998,15593.005
EST,Estonia,gdppc,GDP per capita (2011 international $),1999,15335.106
EST,Estonia,gdppc,GDP per capita (2011 international $),2000,16806.975
EST,Estonia,gdppc,GDP per capita (2011 international $),2001,17696.61
EST,Estonia,gdppc,GDP per capita (2011 international $),2002,18589.15
EST,Estonia,gdppc,GDP per capita (2011 international $),2003,19771.742
EST,Estonia,gdppc,GDP per capita (2011 international $),2004,20803.758
EST,Estonia,gdppc,GDP per capita (2011 international $),2005,22518.541
EST,Estonia,gdppc,GDP per capita (2011 international $),2006,24578.816
EST,Estonia,gdppc,GDP per capita (2011 international $),2007,26177.871
EST,Estonia,gdppc,GDP per capita (2011 international $),2008,24429.021
EST,Estonia,gdppc,GDP per capita (2011 international $),2009,20538.049
EST,Estonia,gdppc,GDP per capita (2011 international $),2010,20713.426
EST,Estonia,gdppc,GDP per capita (2011 international $),2011,21997.0
EST,Estonia,gdppc,GDP per capita (2011 international $),2012,22784.3
EST,Estonia,gdppc,GDP per capita (2011 international $),2013,23204.111
EST,Estonia,gdppc,GDP per capita (2011 international $),2014,23982.828
EST,Estonia,gdppc,GDP per capita (2011 international $),2015,24473.66
EST,Estonia,gdppc,GDP per capita (2011 international $),2016,25196.154
EST,Estonia,gdppc,GDP per capita (2011 international $),2017,26661.627
EST,Estonia,gdppc,GDP per capita (2011 international $),2018,27596.41
EST,Estonia,gdppc,GDP per capita (2011 international $),2019,28505.604
EST,Estonia,gdppc,GDP per capita (2011 international $),2020,28261.582
EST,Estonia,gdppc,GDP per capita (2011 international $),2021,30499.156
EST,Estonia,gdppc,GDP per capita (2011 international $),2022,30067.395
EST,Estonia,pop,Population (thousands),1973,1410.836059569534
EST,Estonia,pop,Population (thousands),1980,1482.196044868386
EST,Estonia,pop,Population (thousands),1981,1493.31799315157
EST,Estonia,pop,Population (thousands),1982,1504.0429687323413
EST,Estonia,pop,Population (thousands),1983,1514.671020475521
EST,Estonia,pop,Population (thousands),1984,1526.1280517406963
EST,Estonia,pop,Population (thousands),1985,1538.223998972251
EST,Estonia,pop,Population (thousands),1986,1550.0720214632988
EST,Estonia,pop,Population (thousands),1987,1562.2239989939637
EST,Estonia,pop,Population (thousands),1988,1569.1870116641187
EST,Estonia,pop,Population (thousands),1989,1570.9260253474627
EST,Estonia,pop,Population (thousands),1990,1569.3220214530065
EST,Estonia,pop,Population (thousands),1991,1559.550024998966
EST,Estonia,pop,Population (thousands),1992,1528.7199354219053
EST,Estonia,pop,Population (thousands),1993,1491.4300011837292
EST,Estonia,pop,Population (thousands),1994,1467.5399839321442
EST,Estonia,pop,Population (thousands),1995,1446.5100456647235
EST,Estonia,pop,Population (thousands),1996,1423.6300187906975
EST,Estonia,pop,Population (thousands),1997,1404.4599973133927
EST,Estonia,pop,Population (thousands),1998,1391.569935814168
EST,Estonia,pop,Population (thousands),1999,1377.680093701341
EST,Estonia,pop,Population (thousands),2000,1399.7599772118424
EST,Estonia,pop,Population (thousands),2001,1391.1699947617087
EST,Estonia,pop,Population (thousands),2002,1381.9800094678883
EST,Estonia,pop,Population (thousands),2003,1373.6899544309247
EST,Estonia,pop,Population (thousands),2004,1364.8000365126338
EST,Estonia,pop,Population (thousands),2005,1357.4100350906392
EST,Estonia,pop,Population (thousands),2006,1349.2199929809474
EST,Estonia,pop,Population (thousands),2007,1341.4200487121354
EST,Estonia,pop,Population (thousands),2008,1336.930080210746
EST,Estonia,pop,Population (thousands),2009,1334.22996926339
EST,Estonia,pop,Population (thousands),2010,1331.8399517298587
EST,Estonia,pop,Population (thousands),2011,1328.2399902259401
EST,Estonia,pop,Population (thousands),2012,1323.7400355946859
EST,Estonia,pop,Population (thousands),2013,1318.7500186066165
EST,Estonia,pop,Population (thousands),2014,1314.349982412416
EST,Estonia,pop,Population (thousands),2015,1311.8599937238646
EST,Estonia,pop,Population (thousands),2016,1314.449966649672
EST,Estonia,pop,Population (thousands),2017,1314.1500220897997
EST,Estonia,pop,Population (thousands),2018,1317.6800611383874
EST,Estonia,pop,Population (thousands),2019,1323.3599628339748
EST,Estonia,pop,Population (thousands),2020,1327.430055154025
EST,Estonia,pop,Population (thousands),2021,1328.6099962241578
EST,Estonia,pop,Population (thousands),2022,1330.3399450800441
FRA,France,gdp,GDP (2011 international $),1900,186101232000.0
FRA,France,gdp,GDP (2011 international $),1901,183083200000.0
FRA,France,gdp,GDP (2011 international $),1902,180073599000.0
FRA,France,gdp,GDP (2011 international $),1903,184067218000.0
FRA,France,gdp,GDP (2011 international $),1904,185418142000.0
FRA,France,gdp,GDP (2011 international $),1905,188625570000.0
FRA,France,gdp,GDP (2011 international $),1906,192058922000.0
FRA,France,gdp,GDP (2011 international $),1907,200370148000.0
FRA,France,gdp,GDP (2011 international $),1908,199237284000.0
FRA,France,gdp,GDP (2011 international $),1909,207518232000.0
FRA,France,gdp,GDP (2011 international $),1910,194824624000.0
FRA,France,gdp,GDP (2011 international $),1911,213970260000.0
FRA,France,gdp,GDP (2011 international $),1912,231651759000.0
FRA,France,gdp,GDP (2011 international $),1913,230326965000.0
FRA,France,gdp,GDP (2011 international $),1914,213933208000.0
FRA,France,gdp,GDP (2011 international $),1915,209570137000.0
FRA,France,gdp,GDP (2011 international $),1916,220159680000.0
FRA,France,gdp,GDP (2011 international $),1917,186539424000.0
FRA,France,gdp,GDP (2011 international $),1918,147191898000.0
FRA,France,gdp,GDP (2011 international $),1919,173414700000.0
FRA,France,gdp,GDP (2011 international $),1920,200616000000.0
FRA,France,gdp,GDP (2011 international $),1921,192315240000.0
FRA,France,gdp,GDP (2011 international $),1922,226822680000.0
FRA,France,gdp,GDP (2011 international $),1923,238641920000.0
FRA,France,gdp,GDP (2011 international $),1924,268504910000.0
FRA,France,gdp,GDP (2011 international $),1925,269691010000.0
FRA,France,gdp,GDP (2011 international $),1926,276812510000.0
FRA,France,gdp,GDP (2011 international $),1927,271063740000.0
FRA,France,gdp,GDP (2011 international $),1928,289936150000.0
FRA,France,gdp,GDP (2011 international $),1929,309554840000.0
FRA,France,gdp,GDP (2011 international $),1930,300590640000.0
FRA,France,gdp,GDP (2011 international $),1931,282596860000.0
FRA,France,gdp,GDP (2011 international $),1932,264178460000.0
FRA,France,gdp,GDP (2011 international $),1933,283050730000.0
FRA,France,gdp,GDP (2011 international $),1934,280309900000.0
FRA,France,gdp,GDP (2011 international $),1935,273155220000.0
FRA,France,gdp,GDP (2011 international $),1936,283521150000.0
FRA,France,gdp,GDP (2011 international $),1937,299883360000.0
FRA,France,gdp,GDP (2011 international $),1938,298713240000.0
FRA,France,gdp,GDP (2011 international $),1939,320116000000.0
FRA,France,gdp,GDP (2011 international $),1940,264163000000.0
FRA,France,gdp,GDP (2011 international $),1941,208850400000.0
FRA,France,gdp,GDP (2011 international $),1942,187228800000.0
FRA,France,gdp,GDP (2011 international $),1943,177801000000.0
FRA,France,gdp,GDP (2011 international $),1944,150192900000.0
FRA,France,gdp,GDP (2011 international $),1945,162809700000.0
FRA,France,gdp,GDP (2011 international $),1946,247582050000.0
FRA,France,gdp,GDP (2011 international $),1947,268325280000.0
FRA,France,gdp,GDP (2011 international $),1948,287852220000.0
FRA,France,gdp,GDP (2011 international $),1949,327028320000.0
FRA,France,gdp,GDP (2011 international $),1950,351453788000.0
FRA,France,gdp,GDP (2011 international $),1951,373113710000.0
FRA,France,gdp,GDP (2011 international $),1952,382998896000.0
FRA,France,gdp,GDP (2011 international $),1953,394064700000.0
FRA,France,gdp,GDP (2011 international $),1954,413153816000.0
FRA,France,gdp,GDP (2011 international $),1955,436918058000.0
FRA,France,gdp,GDP (2011 international $),1956,458984646000.0
FRA,France,gdp,GDP (2011 international $),1957,486693408000.0
FRA,France,gdp,GDP (2011 international $),1958,498861258000.0
FRA,France,gdp,GDP (2011 international $),1959,513138996000.0
FRA,France,gdp,GDP (2011 international $),1960,549318528000.0
FRA,France,gdp,GDP (2011 international $),1961,579768656000.0
FRA,France,gdp,GDP (2011 international $),1962,618376451000.0
FRA,France,gdp,GDP (2011 international $),1963,650490670000.0
FRA,France,gdp,GDP (2011 international $),1964,693811349000.0
FRA,France,gdp,GDP (2011 international $),1965,727557418000.0
FRA,France,gdp,GDP (2011 international $),1966,764514102000.0
FRA,France,gdp,GDP (2011 international $),1967,799864800000.0
FRA,France,gdp,GDP (2011 international $),1968,835171410000.0
FRA,France,gdp,GDP (2011 international $),1969,893107440000.0
FRA,France,gdp,GDP (2011 international $),1970,944232666000.0
FRA,France,gdp,GDP (2011 international $),1971,989968592000.0
FRA,France,gdp,GDP (2011 international $),1972,1034024806000.0
FRA,France,gdp,GDP (2011 international $),1973,1090179853000.0
FRA,France,gdp,GDP (2011 international $),1974,1122228380000.0
FRA,France,gdp,GDP (2011 international $),1975,1114332615000.0
FRA,France,gdp,GDP (2011 international $),1976,1162522935000.0
FRA,France,gdp,GDP (2011 international $),1977,1205940906000.0
FRA,France,gdp,GDP (2011 international $),1978,1239356196000.0
FRA,France,gdp,GDP (2011 international $),1979,1279104536000.0
FRA,France,gdp,GDP (2011 international $),1980,1297124070000.0
FRA,France,gdp,GDP (2011 international $),1981,1310463345000.0
FRA,France,gdp,GDP (2011 international $),1982,1343411640000.0
FRA,France,gdp,GDP (2011 international $),1983,1359074700000.0
FRA,France,gdp,GDP (2011 international $),1984,1379095674000.0
FRA,France,gdp,GDP (2011 international $),1985,1398409950000.0
FRA,France,gdp,GDP (2011 international $),1986,1431625550000.0
FRA,France,gdp,GDP (2011 international $),1987,1467808684000.0
FRA,France,gdp,GDP (2011 international $),1988,1532315565000.0
FRA,France,gdp,GDP (2011 international $),1989,1594471896000.0
FRA,France,gdp,GDP (2011 international $),1990,1636207672000.0
FRA,France,gdp,GDP (2011 international $),1991,1654070164992.0
FRA,France,gdp,GDP (2011 international $),1992,1681416991070.0
FRA,France,gdp,GDP (2011 international $),1993,1671995828699.0
FRA,France,gdp,GDP (2011 international $),1994,1712086429935.0
FRA,France,gdp,GDP (2011 international $),1995,1748659531786.0
FRA,France,gdp,GDP (2011 international $),1996,1773843233893.0
FRA,France,gdp,GDP (2011 international $),1997,1816394950229.0
FRA,France,gdp,GDP (2011 international $),1998,1882050330390.0
FRA,France,gdp,GDP (2011 international $),1999,1949849405155.0
FRA,France,gdp,GDP (2011 international $),2000,2031676031476.0
FRA,France,gdp,GDP (2011 international $),2001,2077786711965.0
FRA,France,gdp,GDP (2011 international $),2002,2107316572579.0
FRA,France,gdp,GDP (2011 international $),2003,2130940712046.0
FRA,France,gdp,GDP (2011 international $),2004,2196883540402.0
FRA,France,gdp,GDP (2011 international $),2005,2238790479440.0
FRA,France,gdp,GDP (2011 international $),2006,2297018080700.0
FRA,France,gdp,GDP (2011 international $),2007,2354672057875.0
FRA,France,gdp,GDP (2011 international $),2008,2362451821701.0
FRA,France,gdp,GDP (2011 international $),2009,2295352990111.0
FRA,France,gdp,GDP (2011 international $),2010,2342490492199.0
FRA,France,gdp,GDP (2011 international $),2011,2393401943613.0
FRA,France,gdp,GDP (2011 international $),2012,2400896391731.0
FRA,France,gdp,GDP (2011 international $),2013,2414733629218.0
FRA,France,gdp,GDP (2011 international $),2014,2437822780219.0
FRA,France,gdp,GDP (2011 international $),2015,2464953810985.0
FRA,France,gdp,GDP (2011 international $),2016,2491956183265.0
FRA,France,gdp,GDP (2011 international $),2017,2549057506683.0
FRA,France,gdp,GDP (2011 international $),2018,2596599107835.0
FRA,France,gdp,GDP (2011 international $),2019,2644453795826.0
FRA,France,gdp,GDP (2011 international $),2020,2438594133224.0
FRA,France,gdp,GDP (2011 international $),2021,2604822841790.0
FRA,France,gdp,GDP (2011 international $),2022,2671568767031.0
FRA,France,gdppc,GDP per capita (2011 international $),1900,4584.0
FRA,France,gdppc,GDP per capita (2011 international $),1901,4505.0
FRA,France,gdppc,GDP per capita (2011 international $),1902,4423.0
FRA,France,gdppc,GDP per capita (2011 international $),1903,4513.0
FRA,France,gdppc,GDP per capita (2011 international $),1904,4538.0
FRA,France,gdppc,GDP per capita (2011 international $),1905,4613.0
FRA,France,gdppc,GDP per capita (2011 international $),1906,4691.0
FRA,France,gdppc,GDP per capita (2011 international $),1907,4894.0
FRA,France,gdppc,GDP per capita (2011 international $),1908,4854.0
FRA,France,gdppc,GDP per capita (2011 international $),1909,5048.0
FRA,France,gdppc,GDP per capita (2011 international $),1910,4726.0
FRA,France,gdppc,GDP per capita (2011 international $),1911,5180.0
FRA,France,gdppc,GDP per capita (2011 international $),1912,5601.0
FRA,France,gdppc,GDP per capita (2011 international $),1913,5555.0
FRA,France,gdppc,GDP per capita (2011 international $),1914,5158.0
FRA,France,gdppc,GDP per capita (2011 international $),1915,5177.0
FRA,France,gdppc,GDP per capita (2011 international $),1916,5520.0
FRA,France,gdppc,GDP per capita (2011 international $),1917,4748.0
FRA,France,gdppc,GDP per capita (2011 international $),1918,3819.0
FRA,France,gdppc,GDP per capita (2011 international $),1919,4481.0
FRA,France,gdppc,GDP per capita (2011 international $),1920,5144.0
FRA,France,gdppc,GDP per capita (2011 international $),1921,4901.0
FRA,France,gdppc,GDP per capita (2011 international $),1922,5754.0
FRA,France,gdppc,GDP per capita (2011 international $),1923,5984.0
FRA,France,gdppc,GDP per capita (2011 international $),1924,6661.0
FRA,France,gdppc,GDP per capita (2011 international $),1925,6641.0
FRA,France,gdppc,GDP per capita (2011 international $),1926,6773.0
FRA,France,gdppc,GDP per capita (2011 international $),1927,6621.0
FRA,France,gdppc,GDP per capita (2011 international $),1928,7063.0
FRA,France,gdppc,GDP per capita (2011 international $),1929,7508.0
FRA,France,gdppc,GDP per capita (2011 international $),1930,7224.0
FRA,France,gdppc,GDP per capita (2011 international $),1931,6751.0
FRA,France,gdppc,GDP per capita (2011 international $),1932,6311.0
FRA,France,gdppc,GDP per capita (2011 international $),1933,6757.0
FRA,France,gdppc,GDP per capita (2011 international $),1934,6682.0
FRA,France,gdppc,GDP per capita (2011 international $),1935,6513.0
FRA,France,gdppc,GDP per capita (2011 international $),1936,6765.0
FRA,France,gdppc,GDP per capita (2011 international $),1937,7152.0
FRA,France,gdppc,GDP per capita (2011 international $),1938,7119.0
FRA,France,gdppc,GDP per capita (2011 international $),1939,7640.0
FRA,France,gdppc,GDP per capita (2011 international $),1940,6443.0
FRA,France,gdppc,GDP per capita (2011 international $),1941,5274.0
FRA,France,gdppc,GDP per capita (2011 international $),1942,4752.0
FRA,France,gdppc,GDP per capita (2011 international $),1943,4559.0
FRA,France,gdppc,GDP per capita (2011 international $),1944,3861.0
FRA,France,gdppc,GDP per capita (2011 international $),1945,4101.0
FRA,France,gdppc,GDP per capita (2011 international $),1946,6145.0
FRA,France,gdppc,GDP per capita (2011 international $),1947,6596.0
FRA,France,gdppc,GDP per capita (2011 international $),1948,7002.0
FRA,France,gdppc,GDP per capita (2011 international $),1949,7884.0
FRA,France,gdppc,GDP per capita (2011 international $),1950,8266.0
FRA,France,gdppc,GDP per capita (2011 international $),1951,8705.0
FRA,France,gdppc,GDP per capita (2011 international $),1952,8869.0
FRA,France,gdppc,GDP per capita (2011 international $),1953,9060.0
FRA,France,gdppc,GDP per capita (2011 international $),1954,9428.0
FRA,France,gdppc,GDP per capita (2011 international $),1955,9881.0
FRA,France,gdppc,GDP per capita (2011 international $),1956,10278.0
FRA,France,gdppc,GDP per capita (2011 international $),1957,10779.0
FRA,France,gdppc,GDP per capita (2011 international $),1958,10927.0
FRA,France,gdppc,GDP per capita (2011 international $),1959,11124.0
FRA,France,gdppc,GDP per capita (2011 international $),1960,11792.0
FRA,France,gdppc,GDP per capita (2011 international $),1961,12302.0
FRA,France,gdppc,GDP per capita (2011 international $),1962,12859.0
FRA,France,gdppc,GDP per capita (2011 international $),1963,13330.0
FRA,France,gdppc,GDP per capita (2011 international $),1964,14057.0
FRA,France,gdppc,GDP per capita (2011 international $),1965,14609.0
FRA,France,gdppc,GDP per capita (2011 international $),1966,15213.0
FRA,France,gdppc,GDP per capita (2011 international $),1967,15792.0
FRA,France,gdppc,GDP per capita (2011 international $),1968,16365.0
FRA,France,gdppc,GDP per capita (2011 international $),1969,17352.0
FRA,France,gdppc,GDP per capita (2011 international $),1970,18187.0
FRA,France,gdppc,GDP per capita (2011 international $),1971,18881.0
FRA,France,gdppc,GDP per capita (2011 international $),1972,19549.0
FRA,France,gdppc,GDP per capita (2011 international $),1973,20441.0
FRA,France,gdppc,GDP per capita (2011 international $),1974,20902.0
FRA,France,gdppc,GDP per capita (2011 international $),1975,20653.0
FRA,France,gdppc,GDP per capita (2011 international $),1976,21465.0
FRA,France,gdppc,GDP per capita (2011 international $),1977,22177.0
FRA,France,gdppc,GDP per capita (2011 international $),1978,22698.0
FRA,France,gdppc,GDP per capita (2011 international $),1979,23326.0
FRA,France,gdppc,GDP per capita (2011 international $),1980,23537.0
FRA,France,gdppc,GDP per capita (2011 international $),1981,23655.0
FRA,France,gdppc,GDP per capita (2011 international $),1982,24120.0
FRA,France,gdppc,GDP per capita (2011 international $),1983,24300.0
FRA,France,gdppc,GDP per capita (2011 international $),1984,24519.0
FRA,France,gdppc,GDP per capita (2011 international $),1985,24755.0
FRA,France,gdppc,GDP per capita (2011 international $),1986,25238.0
FRA,France,gdppc,GDP per capita (2011 international $),1987,25756.0
FRA,France,gdppc,GDP per capita (2011 international $),1988,26763.0
FRA,France,gdppc,GDP per capita (2011 international $),1989,27576.0
FRA,France,gdppc,GDP per capita (2011 international $),1990,28129.0
FRA,France,gdppc,GDP per capita (2011 international $),1991,28294.264
FRA,France,gdppc,GDP per capita (2011 international $),1992,28619.805
FRA,France,gdppc,GDP per capita (2011 international $),1993,28336.16
FRA,France,gdppc,GDP per capita (2011 international $),1994,28907.977
FRA,France,gdppc,GDP per capita (2011 international $),1995,29418.863
FRA,France,gdppc,GDP per capita (2011 international $),1996,29736.645
FRA,France,gdppc,GDP per capita (2011 international $),1997,30341.807
FRA,France,gdppc,GDP per capita (2011 international $),1998,31323.078
FRA,France,gdppc,GDP per capita (2011 international $),1999,32284.611
FRA,France,gdppc,GDP per capita (2011 international $),2000,33409.68
FRA,France,gdppc,GDP per capita (2011 international $),2001,33920.098
FRA,France,gdppc,GDP per capita (2011 international $),2002,34152.773
FRA,France,gdppc,GDP per capita (2011 international $),2003,34292.03
FRA,France,gdppc,GDP per capita (2011 international $),2004,35093.824
FRA,France,gdppc,GDP per capita (2011 international $),2005,35495.465
FRA,France,gdppc,GDP per capita (2011 international $),2006,36166.16
FRA,France,gdppc,GDP per capita (2011 international $),2007,36845.684
FRA,France,gdppc,GDP per capita (2011 international $),2008,36761.793
FRA,France,gdppc,GDP per capita (2011 international $),2009,35534.926
FRA,France,gdppc,GDP per capita (2011 international $),2010,36086.727
FRA,France,gdppc,GDP per capita (2011 international $),2011,36691.0
FRA,France,gdppc,GDP per capita (2011 international $),2012,36625.926
FRA,France,gdppc,GDP per capita (2011 international $),2013,36647.22
FRA,France,gdppc,GDP per capita (2011 international $),2014,36818.54
FRA,France,gdppc,GDP per capita (2011 international $),2015,37077.89
FRA,France,gdppc,GDP per capita (2011 international $),2016,37343.84
FRA,France,gdppc,GDP per capita (2011 international $),2017,38037.336
FRA,France,gdppc,GDP per capita (2011 international $),2018,38555.465
FRA,France,gdppc,GDP per capita (2011 international $),2019,39084.656
FRA,France,gdppc,GDP per capita (2011 international $),2020,35913.82
FRA,France,gdppc,GDP per capita (2011 international $),2021,38242.133
FRA,France,gdppc,GDP per capita (2011 international $),2022,39065.71
FRA,France,pop,Population (thousands),1900,40598.0
FRA,France,pop,Population (thousands),1901,40640.0
FRA,France,pop,Population (thousands),1902,40713.0
FRA,France,pop,Population (thousands),1903,40786.0
FRA,France,pop,Population (thousands),1904,40859.0
FRA,France,pop,Population (thousands),1905,40890.0
FRA,France,pop,Population (thousands),1906,40942.0
FRA,France,pop,Population (thousands),1907,40942.0
FRA,France,pop,Population (thousands),1908,41046.0
FRA,France,pop,Population (thousands),1909,41109.0
FRA,France,pop,Population (thousands),1910,41224.0
FRA,France,pop,Population (thousands),1911,41307.0
FRA,France,pop,Population (thousands),1912,41359.0
FRA,France,pop,Population (thousands),1913,41463.0
FRA,France,pop,Population (thousands),1914,41476.0
FRA,France,pop,Population (thousands),1915,40481.0
FRA,France,pop,Population (thousands),1916,39884.0
FRA,France,pop,Population (thousands),1917,39288.0
FRA,France,pop,Population (thousands),1918,38542.0
FRA,France,pop,Population (thousands),1919,38700.0
FRA,France,pop,Population (thousands),1920,39000.0
FRA,France,pop,Population (thousands),1921,39240.0
FRA,France,pop,Population (thousands),1922,39420.0
FRA,France,pop,Population (thousands),1923,39880.0
FRA,France,pop,Population (thousands),1924,40310.0
FRA,France,pop,Population (thousands),1925,40610.0
FRA,France,pop,Population (thousands),1926,40870.0
FRA,France,pop,Population (thousands),1927,40940.0
FRA,France,pop,Population (thousands),1928,41050.0
FRA,France,pop,Population (thousands),1929,41230.0
FRA,France,pop,Population (thousands),1930,41610.0
FRA,France,pop,Population (thousands),1931,41860.0
FRA,France,pop,Population (thousands),1932,41860.0
FRA,France,pop,Population (thousands),1933,41890.0
FRA,France,pop,Population (thousands),1934,41950.0
FRA,France,pop,Population (thousands),1935,41940.0
FRA,France,pop,Population (thousands),1936,41910.0
FRA,France,pop,Population (thousands),1937,41930.0
FRA,France,pop,Population (thousands),1938,41960.0
FRA,France,pop,Population (thousands),1939,41900.0
FRA,France,pop,Population (thousands),1940,41000.0
FRA,France,pop,Population (thousands),1941,39600.0
FRA,France,pop,Population (thousands),1942,39400.0
FRA,France,pop,Population (thousands),1943,39000.0
FRA,France,pop,Population (thousands),1944,38900.0
FRA,France,pop,Population (thousands),1945,39700.0
FRA,France,pop,Population (thousands),1946,40290.0
FRA,France,pop,Population (thousands),1947,40680.0
FRA,France,pop,Population (thousands),1948,41110.0
FRA,France,pop,Population (thousands),1949,41480.0
FRA,France,pop,Population (thousands),1950,42518.0
FRA,France,pop,Population (thousands),1951,42862.0
FRA,France,pop,Population (thousands),1952,43184.0
FRA,France,pop,Population (thousands),1953,43495.0
FRA,France,pop,Population (thousands),1954,43822.0
FRA,France,pop,Population (thousands),1955,44218.0
FRA,France,pop,Population (thousands),1956,44657.0
FRA,France,pop,Population (thousands),1957,45152.0
FRA,France,pop,Population (thousands),1958,45654.0
FRA,France,pop,Population (thousands),1959,46129.0
FRA,France,pop,Population (thousands),1960,46584.0
FRA,France,pop,Population (thousands),1961,47128.0
FRA,France,pop,Population (thousands),1962,48089.0
FRA,France,pop,Population (thousands),1963,48799.0
FRA,France,pop,Population (thousands),1964,49357.0
FRA,France,pop,Population (thousands),1965,49802.0
FRA,France,pop,Population (thousands),1966,50254.0
FRA,France,pop,Population (thousands),1967,50650.0
FRA,France,pop,Population (thousands),1968,51034.0
FRA,France,pop,Population (thousands),1969,51470.0
FRA,France,pop,Population (thousands),1970,51918.0
FRA,France,pop,Population (thousands),1971,52432.0
FRA,France,pop,Population (thousands),1972,52894.0
FRA,France,pop,Population (thousands),1973,53333.0
FRA,France,pop,Population (thousands),1974,53690.0
FRA,France,pop,Population (thousands),1975,53955.0
FRA,France,pop,Population (thousands),1976,54159.0
FRA,France,pop,Population (thousands),1977,54378.0
FRA,France,pop,Population (thousands),1978,54602.0
FRA,France,pop,Population (thousands),1979,54836.0
FRA,France,pop,Population (thousands),1980,55110.0
FRA,France,pop,Population (thousands),1981,55399.0
FRA,France,pop,Population (thousands),1982,55697.0
FRA,France,pop,Population (thousands),1983,55929.0
FRA,France,pop,Population (thousands),1984,56246.0
FRA,France,pop,Population (thousands),1985,56490.0
FRA,France,pop,Population (thousands),1986,56725.0
FRA,France,pop,Population (thousands),1987,56989.0
FRA,France,pop,Population (thousands),1988,57255.0
FRA,France,pop,Population (thousands),1989,57821.0
FRA,France,pop,Population (thousands),1990,58168.0
FRA,France,pop,Population (thousands),1991,58459.557915766956
FRA,France,pop,Population (thousands),1992,58750.12045225325
FRA,France,pop,Population (thousands),1993,59005.73079411607
FRA,France,pop,Population (thousands),1994,59225.39754113545
FRA,France,pop,Population (thousands),1995,59440.07869325201
FRA,France,pop,Population (thousands),1996,59651.76077842675
FRA,France,pop,Population (thousands),1997,59864.42897843889
FRA,France,pop,Population (thousands),1998,60085.101802255835
FRA,France,pop,Population (thousands),1999,60395.629520052134
FRA,France,pop,Population (thousands),2000,60810.99943118282
FRA,France,pop,Population (thousands),2001,61255.32750421299
FRA,France,pop,Population (thousands),2002,61702.64922789725
FRA,France,pop,Population (thousands),2003,62140.99054637478
FRA,France,pop,Population (thousands),2004,62600.28945269686
FRA,France,pop,Population (thousands),2005,63072.5778473391
FRA,France,pop,Population (thousands),2006,63512.9104306346
FRA,France,pop,Population (thousands),2007,63906.31960788134
FRA,France,pop,Population (thousands),2008,64263.78119535682
FRA,France,pop,Population (thousands),2009,64594.28085233666
FRA,France,pop,Population (thousands),2010,64912.79999427491
FRA,France,pop,Population (thousands),2011,65231.30859374233
FRA,France,pop,Population (thousands),2012,65551.82773347491
FRA,France,pop,Population (thousands),2013,65891.3180649992
FRA,France,pop,Population (thousands),2014,66211.82643904402
FRA,France,pop,Population (thousands),2015,66480.42299561814
FRA,France,pop,Population (thousands),2016,66730.04659577055
FRA,France,pop,Population (thousands),2017,67014.61707736315
FRA,France,pop,Population (thousands),2018,67347.109102043
FRA,France,pop,Population (thousands),2019,67659.64105775933
FRA,France,pop,Population (thousands),2020,67901.2740283267
FRA,France,pop,Population (thousands),2021,68113.9527910224
FRA,France,pop,Population (thousands),2022,68386.54070362473
GRC,Greece,gdp,GDP (2011 international $),1900,9785064000.0
GRC,Greece,gdp,GDP (2011 international $),1901,9444330000.0
GRC,Greece,gdp,GDP (2011 international $),1902,12192536000.0
GRC,Greece,gdp,GDP (2011 international $),1903,11993589000.0
GRC,Greece,gdp,GDP (2011 international $),1904,12744796000.0
GRC,Greece,gdp,GDP (2011 international $),1905,13153280000.0
GRC,Greece,gdp,GDP (2011 international $),1906,13090220000.0
GRC,Greece,gdp,GDP (2011 international $),1907,13363650000.0
GRC,Greece,gdp,GDP (2011 international $),1908,13377300000.0
GRC,Greece,gdp,GDP (2011 international $),1909,13741083000.0
GRC,Greece,gdp,GDP (2011 international $),1910,13789440000.0
GRC,Greece,gdp,GDP (2011 international $),1911,17302005000.0
GRC,Greece,gdp,GDP (2011 international $),1912,16897650000.0
GRC,Greece,gdp,GDP (2011 international $),1913,10177300000.0
GRC,Greece,gdp,GDP (2011 international $),1914,13078422000.0
GRC,Greece,gdp,GDP (2011 international $),1915,10024644000.0
GRC,Greece,gdp,GDP (2011 international $),1916,8583009000.0
GRC,Greece,gdp,GDP (2011 international $),1917,7544160000.0
GRC,Greece,gdp,GDP (2011 international $),1918,12807980000.0
GRC,Greece,gdp,GDP (2011 international $),1919,11495460000.0
GRC,Greece,gdp,GDP (2011 international $),1920,13018800000.0
GRC,Greece,gdp,GDP (2011 international $),1921,17843709000.0
GRC,Greece,gdp,GDP (2011 international $),1922,18429810000.0
GRC,Greece,gdp,GDP (2011 international $),1923,19045690000.0
GRC,Greece,gdp,GDP (2011 international $),1924,19674000000.0
GRC,Greece,gdp,GDP (2011 international $),1925,20322738000.0
GRC,Greece,gdp,GDP (2011 international $),1926,20995950000.0
GRC,Greece,gdp,GDP (2011 international $),1927,21683453000.0
GRC,Greece,gdp,GDP (2011 international $),1928,22096005000.0
GRC,Greece,gdp,GDP (2011 international $),1929,23424575000.0
GRC,Greece,gdp,GDP (2011 international $),1930,22857249000.0
GRC,Greece,gdp,GDP (2011 international $),1931,21908880000.0
GRC,Greece,gdp,GDP (2011 international $),1932,23776884000.0
GRC,Greece,gdp,GDP (2011 international $),1933,25164438000.0
GRC,Greece,gdp,GDP (2011 international $),1934,25775552000.0
GRC,Greece,gdp,GDP (2011 international $),1935,26852729000.0
GRC,Greece,gdp,GDP (2011 international $),1936,26944918000.0
GRC,Greece,gdp,GDP (2011 international $),1937,30778822000.0
GRC,Greece,gdp,GDP (2011 international $),1938,30129287000.0
GRC,Greece,gdp,GDP (2011 international $),1939,30090980000.0
GRC,Greece,gdp,GDP (2011 international $),1940,25793040000.0
GRC,Greece,gdp,GDP (2011 international $),1941,21990294000.0
GRC,Greece,gdp,GDP (2011 international $),1942,18472263000.0
GRC,Greece,gdp,GDP (2011 international $),1943,15433155000.0
GRC,Greece,gdp,GDP (2011 international $),1944,12958236000.0
GRC,Greece,gdp,GDP (2011 international $),1945,10946390000.0
GRC,Greece,gdp,GDP (2011 international $),1946,16386362000.0
GRC,Greece,gdp,GDP (2011 international $),1947,21156490000.0
GRC,Greece,gdp,GDP (2011 international $),1948,22208634000.0
GRC,Greece,gdp,GDP (2011 international $),1949,23403024000.0
GRC,Greece,gdp,GDP (2011 international $),1950,23091516943.0
GRC,Greece,gdp,GDP (2011 international $),1951,25133722898.0
GRC,Greece,gdp,GDP (2011 international $),1952,25303194000.0
GRC,Greece,gdp,GDP (2011 international $),1953,28774727485.0
GRC,Greece,gdp,GDP (2011 international $),1954,29671336119.0
GRC,Greece,gdp,GDP (2011 international $),1955,31917911110.0
GRC,Greece,gdp,GDP (2011 international $),1956,34637759860.0
GRC,Greece,gdp,GDP (2011 international $),1957,36894464393.0
GRC,Greece,gdp,GDP (2011 international $),1958,38601687824.0
GRC,Greece,gdp,GDP (2011 international $),1959,40019053582.0
GRC,Greece,gdp,GDP (2011 international $),1960,41761937446.0
GRC,Greece,gdp,GDP (2011 international $),1961,45416653343.0
GRC,Greece,gdp,GDP (2011 international $),1962,47115797663.0
GRC,Greece,gdp,GDP (2011 international $),1963,51912264250.0
GRC,Greece,gdp,GDP (2011 international $),1964,56177339920.0
GRC,Greece,gdp,GDP (2011 international $),1965,61451243327.0
GRC,Greece,gdp,GDP (2011 international $),1966,65205340849.0
GRC,Greece,gdp,GDP (2011 international $),1967,68790155578.0
GRC,Greece,gdp,GDP (2011 international $),1968,73369978458.0
GRC,Greece,gdp,GDP (2011 international $),1969,80630470908.0
GRC,Greece,gdp,GDP (2011 international $),1970,87048776074.0
GRC,Greece,gdp,GDP (2011 international $),1971,93246910526.0
GRC,Greece,gdp,GDP (2011 international $),1972,104841366430.0
GRC,Greece,gdp,GDP (2011 international $),1973,108952706609.0
GRC,Greece,gdp,GDP (2011 international $),1974,104999066593.0
GRC,Greece,gdp,GDP (2011 international $),1975,111353885381.0
GRC,Greece,gdp,GDP (2011 international $),1976,118430933161.0
GRC,Greece,gdp,GDP (2011 international $),1977,122480960308.0
GRC,Greece,gdp,GDP (2011 international $),1978,130699231523.0
GRC,Greece,gdp,GDP (2011 international $),1979,135518423132.0
GRC,Greece,gdp,GDP (2011 international $),1980,137887819824.0
GRC,Greece,gdp,GDP (2011 international $),1981,137962177460.0
GRC,Greece,gdp,GDP (2011 international $),1982,138508058074.0
GRC,Greece,gdp,GDP (2011 international $),1983,139066318621.0
GRC,Greece,gdp,GDP (2011 international $),1984,142899252766.0
GRC,Greece,gdp,GDP (2011 international $),1985,147360306005.0
GRC,Greece,gdp,GDP (2011 international $),1986,149738266153.0
GRC,Greece,gdp,GDP (2011 international $),1987,149058782062.0
GRC,Greece,gdp,GDP (2011 international $),1988,155690542546.0
GRC,Greece,gdp,GDP (2011 international $),1989,161665833838.0
GRC,Greece,gdp,GDP (2011 international $),1990,161708974933.0
GRC,Greece,gdp,GDP (2011 international $),1991,167630714744.0
GRC,Greece,gdp,GDP (2011 international $),1992,170259945599.0
GRC,Greece,gdp,GDP (2011 international $),1993,168977989489.0
GRC,Greece,gdp,GDP (2011 international $),1994,173829055414.0
GRC,Greece,gdp,GDP (2011 international $),1995,178710456938.0
GRC,Greece,gdp,GDP (2011 international $),1996,185480705042.0
GRC,Greece,gdp,GDP (2011 international $),1997,195536972604.0
GRC,Greece,gdp,GDP (2011 international $),1998,204984690770.0
GRC,Greece,gdp,GDP (2011 international $),1999,213181329734.0
GRC,Greece,gdp,GDP (2011 international $),2000,223530895992.0
GRC,Greece,gdp,GDP (2011 international $),2001,234861781413.0
GRC,Greece,gdp,GDP (2011 international $),2002,246267119689.0
GRC,Greece,gdp,GDP (2011 international $),2003,262880256421.0
GRC,Greece,gdp,GDP (2011 international $),2004,278667908011.0
GRC,Greece,gdp,GDP (2011 international $),2005,282859759866.0
GRC,Greece,gdp,GDP (2011 international $),2006,301538680337.0
GRC,Greece,gdp,GDP (2011 international $),2007,314210147911.0
GRC,Greece,gdp,GDP (2011 international $),2008,315974328109.0
GRC,Greece,gdp,GDP (2011 international $),2009,305101334774.0
GRC,Greece,gdp,GDP (2011 international $),2010,290984350750.0
GRC,Greece,gdp,GDP (2011 international $),2011,266793942822.0
GRC,Greece,gdp,GDP (2011 international $),2012,247887031358.0
GRC,Greece,gdp,GDP (2011 international $),2013,241650188710.0
GRC,Greece,gdp,GDP (2011 international $),2014,242799798246.0
GRC,Greece,gdp,GDP (2011 international $),2015,242323725826.0
GRC,Greece,gdp,GDP (2011 international $),2016,241143085639.0
GRC,Greece,gdp,GDP (2011 international $),2017,243776808141.0
GRC,Greece,gdp,GDP (2011 international $),2018,247844015413.0
GRC,Greece,gdp,GDP (2011 international $),2019,252514250712.0
GRC,Greece,gdp,GDP (2011 international $),2020,229777821500.0
GRC,Greece,gdp,GDP (2011 international $),2021,249158215293.0
GRC,Greece,gdp,GDP (2011 international $),2022,263892672733.0
GRC,Greece,gdppc,GDP per capita (2011 international $),1900,1972.0
GRC,Greece,gdppc,GDP per capita (2011 international $),1901,1890.0
GRC,Greece,gdppc,GDP per capita (2011 international $),1902,2423.0
GRC,Greece,gdppc,GDP per capita (2011 international $),1903,2367.0
GRC,Greece,gdppc,GDP per capita (2011 international $),1904,2498.0
GRC,Greece,gdppc,GDP per capita (2011 international $),1905,2560.0
GRC,Greece,gdppc,GDP per capita (2011 international $),1906,2530.0
GRC,Greece,gdppc,GDP per capita (2011 international $),1907,2565.0
GRC,Greece,gdppc,GDP per capita (2011 international $),1908,2550.0
GRC,Greece,gdppc,GDP per capita (2011 international $),1909,2601.0
GRC,Greece,gdppc,GDP per capita (2011 international $),1910,2592.0
GRC,Greece,gdppc,GDP per capita (2011 international $),1911,3231.0
GRC,Greece,gdppc,GDP per capita (2011 international $),1912,3135.0
GRC,Greece,gdppc,GDP per capita (2011 international $),1913,1876.0
GRC,Greece,gdppc,GDP per capita (2011 international $),1914,2394.0
GRC,Greece,gdppc,GDP per capita (2011 international $),1915,1822.0
GRC,Greece,gdppc,GDP per capita (2011 international $),1916,1549.0
GRC,Greece,gdppc,GDP per capita (2011 international $),1917,1352.0
GRC,Greece,gdppc,GDP per capita (2011 international $),1918,2279.0
GRC,Greece,gdppc,GDP per capita (2011 international $),1919,2031.0
GRC,Greece,gdppc,GDP per capita (2011 international $),1920,2284.0
GRC,Greece,gdppc,GDP per capita (2011 international $),1921,3057.0
GRC,Greece,gdppc,GDP per capita (2011 international $),1922,3129.0
GRC,Greece,gdppc,GDP per capita (2011 international $),1923,3169.0
GRC,Greece,gdppc,GDP per capita (2011 international $),1924,3279.0
GRC,Greece,gdppc,GDP per capita (2011 international $),1925,3411.0
GRC,Greece,gdppc,GDP per capita (2011 international $),1926,3475.0
GRC,Greece,gdppc,GDP per capita (2011 international $),1927,3539.0
GRC,Greece,gdppc,GDP per capita (2011 international $),1928,3561.0
GRC,Greece,gdppc,GDP per capita (2011 international $),1929,3733.0
GRC,Greece,gdppc,GDP per capita (2011 international $),1930,3599.0
GRC,Greece,gdppc,GDP per capita (2011 international $),1931,3402.0
GRC,Greece,gdppc,GDP per capita (2011 international $),1932,3649.0
GRC,Greece,gdppc,GDP per capita (2011 international $),1933,3818.0
GRC,Greece,gdppc,GDP per capita (2011 international $),1934,3854.0
GRC,Greece,gdppc,GDP per capita (2011 international $),1935,3953.0
GRC,Greece,gdppc,GDP per capita (2011 international $),1936,3913.0
GRC,Greece,gdppc,GDP per capita (2011 international $),1937,4414.0
GRC,Greece,gdppc,GDP per capita (2011 international $),1938,4267.0
GRC,Greece,gdppc,GDP per capita (2011 international $),1939,4205.0
GRC,Greece,gdppc,GDP per capita (2011 international $),1940,3543.0
GRC,Greece,gdppc,GDP per capita (2011 international $),1941,2987.0
GRC,Greece,gdppc,GDP per capita (2011 international $),1942,2517.0
GRC,Greece,gdppc,GDP per capita (2011 international $),1943,2115.0
GRC,Greece,gdppc,GDP per capita (2011 international $),1944,1779.0
GRC,Greece,gdppc,GDP per capita (2011 international $),1945,1495.0
GRC,Greece,gdppc,GDP per capita (2011 international $),1946,2209.0
GRC,Greece,gdppc,GDP per capita (2011 international $),1947,2810.0
GRC,Greece,gdppc,GDP per capita (2011 international $),1948,2866.0
GRC,Greece,gdppc,GDP per capita (2011 international $),1949,2979.0
GRC,Greece,gdppc,GDP per capita (2011 international $),1950,3052.0
GRC,Greece,gdppc,GDP per capita (2011 international $),1951,3287.0
GRC,Greece,gdppc,GDP per capita (2011 international $),1952,3272.0
GRC,Greece,gdppc,GDP per capita (2011 international $),1953,3681.0
GRC,Greece,gdppc,GDP per capita (2011 international $),1954,3759.0
GRC,Greece,gdppc,GDP per capita (2011 international $),1955,4007.0
GRC,Greece,gdppc,GDP per capita (2011 international $),1956,4313.0
GRC,Greece,gdppc,GDP per capita (2011 international $),1957,4557.0
GRC,Greece,gdppc,GDP per capita (2011 international $),1958,4723.0
GRC,Greece,gdppc,GDP per capita (2011 international $),1959,4846.0
GRC,Greece,gdppc,GDP per capita (2011 international $),1960,5015.0
GRC,Greece,gdppc,GDP per capita (2011 international $),1961,5408.0
GRC,Greece,gdppc,GDP per capita (2011 international $),1962,5577.0
GRC,Greece,gdppc,GDP per capita (2011 international $),1963,6122.0
GRC,Greece,gdppc,GDP per capita (2011 international $),1964,6601.0
GRC,Greece,gdppc,GDP per capita (2011 international $),1965,7187.0
GRC,Greece,gdppc,GDP per capita (2011 international $),1966,7570.0
GRC,Greece,gdppc,GDP per capita (2011 international $),1967,7892.0
GRC,Greece,gdppc,GDP per capita (2011 international $),1968,8394.0
GRC,Greece,gdppc,GDP per capita (2011 international $),1969,9191.0
GRC,Greece,gdppc,GDP per capita (2011 international $),1970,9900.0
GRC,Greece,gdppc,GDP per capita (2011 international $),1971,10559.0
GRC,Greece,gdppc,GDP per capita (2011 international $),1972,11795.0
GRC,Greece,gdppc,GDP per capita (2011 international $),1973,12202.0
GRC,Greece,gdppc,GDP per capita (2011 international $),1974,11716.0
GRC,Greece,gdppc,GDP per capita (2011 international $),1975,12309.0
GRC,Greece,gdppc,GDP per capita (2011 international $),1976,12919.0
GRC,Greece,gdppc,GDP per capita (2011 international $),1977,13158.0
GRC,Greece,gdppc,GDP per capita (2011 international $),1978,13860.0
GRC,Greece,gdppc,GDP per capita (2011 international $),1979,14193.0
GRC,Greece,gdppc,GDP per capita (2011 international $),1980,14300.0
GRC,Greece,gdppc,GDP per capita (2011 international $),1981,14180.0
GRC,Greece,gdppc,GDP per capita (2011 international $),1982,14153.0
GRC,Greece,gdppc,GDP per capita (2011 international $),1983,14132.0
GRC,Greece,gdppc,GDP per capita (2011 international $),1984,14453.0
GRC,Greece,gdppc,GDP per capita (2011 international $),1985,14850.0
GRC,Greece,gdppc,GDP per capita (2011 international $),1986,15047.0
GRC,Greece,gdppc,GDP per capita (2011 international $),1987,14944.0
GRC,Greece,gdppc,GDP per capita (2011 international $),1988,15596.0
GRC,Greece,gdppc,GDP per capita (2011 international $),1989,16117.0
GRC,Greece,gdppc,GDP per capita (2011 international $),1990,15964.0
GRC,Greece,gdppc,GDP per capita (2011 international $),1991,16409.69
GRC,Greece,gdppc,GDP per capita (2011 international $),1992,16545.963
GRC,Greece,gdppc,GDP per capita (2011 international $),1993,16331.314
GRC,Greece,gdppc,GDP per capita (2011 international $),1994,16724.287
GRC,Greece,gdppc,GDP per capita (2011 international $),1995,17148.197
GRC,Greece,gdppc,GDP per capita (2011 international $),1996,17719.557
GRC,Greece,gdppc,GDP per capita (2011 international $),1997,18588.295
GRC,Greece,gdppc,GDP per capita (2011 international $),1998,19378.709
GRC,Greece,gdppc,GDP per capita (2011 international $),1999,20076.559
GRC,Greece,gdppc,GDP per capita (2011 international $),2000,20965.332
GRC,Greece,gdppc,GDP per capita (2011 international $),2001,21913.797
GRC,Greece,gdppc,GDP per capita (2011 international $),2002,22893.959
GRC,Greece,gdppc,GDP per capita (2011 international $),2003,24380.066
GRC,Greece,gdppc,GDP per capita (2011 international $),2004,25780.385
GRC,Greece,gdppc,GDP per capita (2011 international $),2005,26091.523
GRC,Greece,gdppc,GDP per capita (2011 international $),2006,27731.111
GRC,Greece,gdppc,GDP per capita (2011 international $),2007,28822.916
GRC,Greece,gdppc,GDP per capita (2011 international $),2008,28907.926
GRC,Greece,gdppc,GDP per capita (2011 international $),2009,27839.898
GRC,Greece,gdppc,GDP per capita (2011 international $),2010,26517.465
GRC,Greece,gdppc,GDP per capita (2011 international $),2011,24349.0
GRC,Greece,gdppc,GDP per capita (2011 international $),2012,22746.207
GRC,Greece,gdppc,GDP per capita (2011 international $),2013,22335.27
GRC,Greece,gdppc,GDP per capita (2011 international $),2014,22591.598
GRC,Greece,gdppc,GDP per capita (2011 international $),2015,22696.203
GRC,Greece,gdppc,GDP per capita (2011 international $),2016,22679.81
GRC,Greece,gdppc,GDP per capita (2011 international $),2017,22972.889
GRC,Greece,gdppc,GDP per capita (2011 international $),2018,23403.611
GRC,Greece,gdppc,GDP per capita (2011 international $),2019,23869.793
GRC,Greece,gdppc,GDP per capita (2011 international $),2020,21767.22
GRC,Greece,gdppc,GDP per capita (2011 international $),2021,23732.201
GRC,Greece,gdppc,GDP per capita (2011 international $),2022,25283.906
GRC,Greece,pop,Population (thousands),1900,4962.0
GRC,Greece,pop,Population (thousands),1901,4997.0
GRC,Greece,pop,Population (thousands),1902,5032.0
GRC,Greece,pop,Population (thousands),1903,5067.0
GRC,Greece,pop,Population (thousands),1904,5102.0
GRC,Greece,pop,Population (thousands),1905,5138.0
GRC,Greece,pop,Population (thousands),1906,5174.0
GRC,Greece,pop,Population (thousands),1907,5210.0
GRC,Greece,pop,Population (thousands),1908,5246.0
GRC,Greece,pop,Population (thousands),1909,5283.0
GRC,Greece,pop,Population (thousands),1910,5320.0
GRC,Greece,pop,Population (thousands),1911,5355.0
GRC,Greece,pop,Population (thousands),1912,5390.0
GRC,Greece,pop,Population (thousands),1913,5425.0
GRC,Greece,pop,Population (thousands),1914,5463.0
GRC,Greece,pop,Population (thousands),1915,5502.0
GRC,Greece,pop,Population (thousands),1916,5541.0
GRC,Greece,pop,Population (thousands),1917,5580.0
GRC,Greece,pop,Population (thousands),1918,5620.0
GRC,Greece,pop,Population (thousands),1919,5660.0
GRC,Greece,pop,Population (thousands),1920,5700.0
GRC,Greece,pop,Population (thousands),1921,5837.0
GRC,Greece,pop,Population (thousands),1922,5890.0
GRC,Greece,pop,Population (thousands),1923,6010.0
GRC,Greece,pop,Population (thousands),1924,6000.0
GRC,Greece,pop,Population (thousands),1925,5958.0
GRC,Greece,pop,Population (thousands),1926,6042.0
GRC,Greece,pop,Population (thousands),1927,6127.0
GRC,Greece,pop,Population (thousands),1928,6205.0
GRC,Greece,pop,Population (thousands),1929,6275.0
GRC,Greece,pop,Population (thousands),1930,6351.0
GRC,Greece,pop,Population (thousands),1931,6440.0
GRC,Greece,pop,Population (thousands),1932,6516.0
GRC,Greece,pop,Population (thousands),1933,6591.0
GRC,Greece,pop,Population (thousands),1934,6688.0
GRC,Greece,pop,Population (thousands),1935,6793.0
GRC,Greece,pop,Population (thousands),1936,6886.0
GRC,Greece,pop,Population (thousands),1937,6973.0
GRC,Greece,pop,Population (thousands),1938,7061.0
GRC,Greece,pop,Population (thousands),1939,7156.0
GRC,Greece,pop,Population (thousands),1940,7280.0
GRC,Greece,pop,Population (thousands),1941,7362.0
GRC,Greece,pop,Population (thousands),1942,7339.0
GRC,Greece,pop,Population (thousands),1943,7297.0
GRC,Greece,pop,Population (thousands),1944,7284.0
GRC,Greece,pop,Population (thousands),1945,7322.0
GRC,Greece,pop,Population (thousands),1946,7418.0
GRC,Greece,pop,Population (thousands),1947,7529.0
GRC,Greece,pop,Population (thousands),1948,7749.0
GRC,Greece,pop,Population (thousands),1949,7856.0
GRC,Greece,pop,Population (thousands),1950,7566.0278319134995
GRC,Greece,pop,Population (thousands),1951,7646.4018551871
GRC,Greece,pop,Population (thousands),1952,7733.25
GRC,Greece,pop,Population (thousands),1953,7817.095214615593
GRC,Greece,pop,Population (thousands),1954,7893.41210933759
GRC,Greece,pop,Population (thousands),1955,7965.538085849763
GRC,Greece,pop,Population (thousands),1956,8031.013183399026
GRC,Greece,pop,Population (thousands),1957,8096.217773315778
GRC,Greece,pop,Population (thousands),1958,8173.128906203684
GRC,Greece,pop,Population (thousands),1959,8258.162109368552
GRC,Greece,pop,Population (thousands),1960,8327.40527337986
GRC,Greece,pop,Population (thousands),1961,8398.049804548817
GRC,Greece,pop,Population (thousands),1962,8448.23339842209
GRC,Greece,pop,Population (thousands),1963,8479.625
GRC,Greece,pop,Population (thousands),1964,8510.428710801394
GRC,Greece,pop,Population (thousands),1965,8550.333007791847
GRC,Greece,pop,Population (thousands),1966,8613.651367107002
GRC,Greece,pop,Population (thousands),1967,8716.441406234162
GRC,Greece,pop,Population (thousands),1968,8740.764648320228
GRC,Greece,pop,Population (thousands),1969,8772.7636718529
GRC,Greece,pop,Population (thousands),1970,8792.805664040403
GRC,Greece,pop,Population (thousands),1971,8831.036132777725
GRC,Greece,pop,Population (thousands),1972,8888.6279296312
GRC,Greece,pop,Population (thousands),1973,8929.085937469268
GRC,Greece,pop,Population (thousands),1974,8962.023437435984
GRC,Greece,pop,Population (thousands),1975,9046.541992119588
GRC,Greece,pop,Population (thousands),1976,9167.19042967722
GRC,Greece,pop,Population (thousands),1977,9308.478515579876
GRC,Greece,pop,Population (thousands),1978,9429.958984343433
GRC,Greece,pop,Population (thousands),1979,9548.257812442753
GRC,Greece,pop,Population (thousands),1980,9642.504882797202
GRC,Greece,pop,Population (thousands),1981,9729.349609308885
GRC,Greece,pop,Population (thousands),1982,9786.480468734544
GRC,Greece,pop,Population (thousands),1983,9840.526367180866
GRC,Greece,pop,Population (thousands),1984,9887.168945270878
GRC,Greece,pop,Population (thousands),1985,9923.252929629629
GRC,Greece,pop,Population (thousands),1986,9951.370117166212
GRC,Greece,pop,Population (thousands),1987,9974.490234341542
GRC,Greece,pop,Population (thousands),1988,9982.722656193895
GRC,Greece,pop,Population (thousands),1989,10030.764648383694
GRC,Greece,pop,Population (thousands),1990,10129.602539025307
GRC,Greece,pop,Population (thousands),1991,10215.34926887711
GRC,Greece,pop,Population (thousands),1992,10290.120049162446
GRC,Greece,pop,Population (thousands),1993,10346.870404243038
GRC,Greece,pop,Population (thousands),1994,10393.809638282339
GRC,Greece,pop,Population (thousands),1995,10421.530434832302
GRC,Greece,pop,Population (thousands),1996,10467.570100200586
GRC,Greece,pop,Population (thousands),1997,10519.360307333192
GRC,Greece,pop,Population (thousands),1998,10577.830069588228
GRC,Greece,pop,Population (thousands),1999,10618.419706982655
GRC,Greece,pop,Population (thousands),2000,10661.929703378893
GRC,Greece,pop,Population (thousands),2001,10717.53021226764
GRC,Greece,pop,Population (thousands),2002,10756.86034420696
GRC,Greece,pop,Population (thousands),2003,10782.59002338222
GRC,Greece,pop,Population (thousands),2004,10809.299706385302
GRC,Greece,pop,Population (thousands),2005,10841.05975208883
GRC,Greece,pop,Population (thousands),2006,10873.660284905282
GRC,Greece,pop,Population (thousands),2007,10901.400396510888
GRC,Greece,pop,Population (thousands),2008,10930.370034467363
GRC,Greece,pop,Population (thousands),2009,10959.139820627217
GRC,Greece,pop,Population (thousands),2010,10973.309505640906
GRC,Greece,pop,Population (thousands),2011,10957.08007811409
GRC,Greece,pop,Population (thousands),2012,10897.950210248242
GRC,Greece,pop,Population (thousands),2013,10819.219499473254
GRC,Greece,pop,Population (thousands),2014,10747.349445842654
GRC,Greece,pop,Population (thousands),2015,10676.839902515852
GRC,Greece,pop,Population (thousands),2016,10632.500256351354
GRC,Greece,pop,Population (thousands),2017,10611.49984840827
GRC,Greece,pop,Population (thousands),2018,10589.990382808875
GRC,Greece,pop,Population (thousands),2019,10578.82029860921
GRC,Greece,pop,Population (thousands),2020,10556.1399893969
GRC,Greece,pop,Population (thousands),2021,10498.740310390933
GRC,Greece,pop,Population (thousands),2022,10437.179790693732
HUN,Hungary,gdp,GDP (2011 international $),1900,19107487000.0
HUN,Hungary,gdp,GDP (2011 international $),1910,24369072000.0
HUN,Hungary,gdp,GDP (2011 international $),1913,26216960000.0
HUN,Hungary,gdp,GDP (2011 international $),1920,21655800000.0
HUN,Hungary,gdp,GDP (2011 international $),1924,25091136000.0
HUN,Hungary,gdp,GDP (2011 international $),1925,30150267000.0
HUN,Hungary,gdp,GDP (2011 international $),1926,28887818000.0
HUN,Hungary,gdp,GDP (2011 international $),1927,30146964000.0
HUN,Hungary,gdp,GDP (2011 international $),1928,32793480000.0
HUN,Hungary,gdp,GDP (2011 international $),1929,33877101000.0
HUN,Hungary,gdp,GDP (2011 international $),1930,33142968000.0
HUN,Hungary,gdp,GDP (2011 international $),1931,31533645000.0
HUN,Hungary,gdp,GDP (2011 international $),1932,30694790000.0
HUN,Hungary,gdp,GDP (2011 international $),1933,33480832000.0
HUN,Hungary,gdp,GDP (2011 international $),1934,33695982000.0
HUN,Hungary,gdp,GDP (2011 international $),1935,35391915000.0
HUN,Hungary,gdp,GDP (2011 international $),1936,37748958000.0
HUN,Hungary,gdp,GDP (2011 international $),1937,36910671000.0
HUN,Hungary,gdp,GDP (2011 international $),1938,38794744000.0
HUN,Hungary,gdp,GDP (2011 international $),1939,41742948000.0
HUN,Hungary,gdp,GDP (2011 international $),1940,38875382000.0
HUN,Hungary,gdp,GDP (2011 international $),1941,39113984000.0
HUN,Hungary,gdp,GDP (2011 international $),1942,41079312000.0
HUN,Hungary,gdp,GDP (2011 international $),1946,24802206000.0
HUN,Hungary,gdp,GDP (2011 international $),1947,25675412000.0
HUN,Hungary,gdp,GDP (2011 international $),1948,32117106000.0
HUN,Hungary,gdp,GDP (2011 international $),1949,34706000000.0
HUN,Hungary,gdp,GDP (2011 international $),1950,36913114000.0
HUN,Hungary,gdp,GDP (2011 international $),1951,40481208000.0
HUN,Hungary,gdp,GDP (2011 international $),1952,41846112000.0
HUN,Hungary,gdp,GDP (2011 international $),1953,42611395000.0
HUN,Hungary,gdp,GDP (2011 international $),1954,44094358000.0
HUN,Hungary,gdp,GDP (2011 international $),1955,48083550000.0
HUN,Hungary,gdp,GDP (2011 international $),1956,45907752000.0
HUN,Hungary,gdp,GDP (2011 international $),1957,49696789000.0
HUN,Hungary,gdp,GDP (2011 international $),1958,53036694000.0
HUN,Hungary,gdp,GDP (2011 international $),1959,55180161000.0
HUN,Hungary,gdp,GDP (2011 international $),1960,58064104156.0
HUN,Hungary,gdp,GDP (2011 international $),1961,61006407000.0
HUN,Hungary,gdp,GDP (2011 international $),1962,63547845000.0
HUN,Hungary,gdp,GDP (2011 international $),1963,67044604000.0
HUN,Hungary,gdp,GDP (2011 international $),1964,70807256000.0
HUN,Hungary,gdp,GDP (2011 international $),1965,71364970230.0
HUN,Hungary,gdp,GDP (2011 international $),1966,75426855410.0
HUN,Hungary,gdp,GDP (2011 international $),1967,79752914046.0
HUN,Hungary,gdp,GDP (2011 international $),1968,80722757768.0
HUN,Hungary,gdp,GDP (2011 international $),1969,83133409822.0
HUN,Hungary,gdp,GDP (2011 international $),1970,82851086308.0
HUN,Hungary,gdp,GDP (2011 international $),1971,86536292455.0
HUN,Hungary,gdp,GDP (2011 international $),1972,88401742426.0
HUN,Hungary,gdp,GDP (2011 international $),1973,92999780625.0
HUN,Hungary,gdp,GDP (2011 international $),1974,95403763391.0
HUN,Hungary,gdp,GDP (2011 international $),1975,97450933351.0
HUN,Hungary,gdp,GDP (2011 international $),1976,97744552927.0
HUN,Hungary,gdp,GDP (2011 international $),1977,103871973823.0
HUN,Hungary,gdp,GDP (2011 international $),1978,106380779153.0
HUN,Hungary,gdp,GDP (2011 international $),1979,106597207312.0
HUN,Hungary,gdp,GDP (2011 international $),1980,107668199050.0
HUN,Hungary,gdp,GDP (2011 international $),1981,108436033824.0
HUN,Hungary,gdp,GDP (2011 international $),1982,112333180394.0
HUN,Hungary,gdp,GDP (2011 international $),1983,111181103525.0
HUN,Hungary,gdp,GDP (2011 international $),1984,114105941195.0
HUN,Hungary,gdp,GDP (2011 international $),1985,111300347132.0
HUN,Hungary,gdp,GDP (2011 international $),1986,113513156802.0
HUN,Hungary,gdp,GDP (2011 international $),1987,115264971685.0
HUN,Hungary,gdp,GDP (2011 international $),1988,117029097500.0
HUN,Hungary,gdp,GDP (2011 international $),1989,114408742705.0
HUN,Hungary,gdp,GDP (2011 international $),1990,106788855164.0
HUN,Hungary,gdp,GDP (2011 international $),1991,95825225553.0
HUN,Hungary,gdp,GDP (2011 international $),1992,94567780137.0
HUN,Hungary,gdp,GDP (2011 international $),1993,95740692963.0
HUN,Hungary,gdp,GDP (2011 international $),1994,100339331340.0
HUN,Hungary,gdp,GDP (2011 international $),1995,104751822959.0
HUN,Hungary,gdp,GDP (2011 international $),1996,106886865711.0
HUN,Hungary,gdp,GDP (2011 international $),1997,112676520011.0
HUN,Hungary,gdp,GDP (2011 international $),1998,119818720518.0
HUN,Hungary,gdp,GDP (2011 international $),1999,126176462095.0
HUN,Hungary,gdp,GDP (2011 international $),2000,134151505450.0
HUN,Hungary,gdp,GDP (2011 international $),2001,142043461403.0
HUN,Hungary,gdp,GDP (2011 international $),2002,151456660939.0
HUN,Hungary,gdp,GDP (2011 international $),2003,160456137012.0
HUN,Hungary,gdp,GDP (2011 international $),2004,171925388770.0
HUN,Hungary,gdp,GDP (2011 international $),2005,183107031890.0
HUN,Hungary,gdp,GDP (2011 international $),2006,194033322767.0
HUN,Hungary,gdp,GDP (2011 international $),2007,198872162765.0
HUN,Hungary,gdp,GDP (2011 international $),2008,204720371926.0
HUN,Hungary,gdp,GDP (2011 international $),2009,195180908684.0
HUN,Hungary,gdp,GDP (2011 international $),2010,200496589291.0
HUN,Hungary,gdp,GDP (2011 international $),2011,208407605976.0
HUN,Hungary,gdp,GDP (2011 international $),2012,205802052322.0
HUN,Hungary,gdp,GDP (2011 international $),2013,209511661762.0
HUN,Hungary,gdp,GDP (2011 international $),2014,218378634753.0
HUN,Hungary,gdp,GDP (2011 international $),2015,226474616785.0
HUN,Hungary,gdp,GDP (2011 international $),2016,231459349147.0
HUN,Hungary,gdp,GDP (2011 international $),2017,241347220007.0
HUN,Hungary,gdp,GDP (2011 international $),2018,254289117363.0
HUN,Hungary,gdp,GDP (2011 international $),2019,266658311342.0
HUN,Hungary,gdp,GDP (2011 international $),2020,254563881936.0
HUN,Hungary,gdp,GDP (2011 international $),2021,272892486007.0
HUN,Hungary,gdp,GDP (2011 international $),2022,285385229433.0
HUN,Hungary,gdppc,GDP per capita (2011 international $),1900,2681.0
HUN,Hungary,gdppc,GDP per capita (2011 international $),1910,3188.0
HUN,Hungary,gdppc,GDP per capita (2011 international $),1913,3344.0
HUN,Hungary,gdppc,GDP per capita (2011 international $),1920,2724.0
HUN,Hungary,gdppc,GDP per capita (2011 international $),1924,3048.0
HUN,Hungary,gdppc,GDP per capita (2011 international $),1925,3633.0
HUN,Hungary,gdppc,GDP per capita (2011 international $),1926,3446.0
HUN,Hungary,gdppc,GDP per capita (2011 international $),1927,3566.0
HUN,Hungary,gdppc,GDP per capita (2011 international $),1928,3849.0
HUN,Hungary,gdppc,GDP per capita (2011 international $),1929,3947.0
HUN,Hungary,gdppc,GDP per capita (2011 international $),1930,3832.0
HUN,Hungary,gdppc,GDP per capita (2011 international $),1931,3615.0
HUN,Hungary,gdppc,GDP per capita (2011 international $),1932,3494.0
HUN,Hungary,gdppc,GDP per capita (2011 international $),1933,3784.0
HUN,Hungary,gdppc,GDP per capita (2011 international $),1934,3778.0
HUN,Hungary,gdppc,GDP per capita (2011 international $),1935,3939.0
HUN,Hungary,gdppc,GDP per capita (2011 international $),1936,4173.0
HUN,Hungary,gdppc,GDP per capita (2011 international $),1937,4053.0
HUN,Hungary,gdppc,GDP per capita (2011 international $),1938,4232.0
HUN,Hungary,gdppc,GDP per capita (2011 international $),1939,4524.0
HUN,Hungary,gdppc,GDP per capita (2011 international $),1940,4186.0
HUN,Hungary,gdppc,GDP per capita (2011 international $),1941,4186.0
HUN,Hungary,gdppc,GDP per capita (2011 international $),1942,4372.0
HUN,Hungary,gdppc,GDP per capita (2011 international $),1946,2743.0
HUN,Hungary,gdppc,GDP per capita (2011 international $),1947,2828.0
HUN,Hungary,gdppc,GDP per capita (2011 international $),1948,3507.0
HUN,Hungary,gdppc,GDP per capita (2011 international $),1949,3752.0
HUN,Hungary,gdppc,GDP per capita (2011 international $),1950,3953.0
HUN,Hungary,gdppc,GDP per capita (2011 international $),1951,4296.0
HUN,Hungary,gdppc,GDP per capita (2011 international $),1952,4403.0
HUN,Hungary,gdppc,GDP per capita (2011 international $),1953,4441.0
HUN,Hungary,gdppc,GDP per capita (2011 international $),1954,4543.0
HUN,Hungary,gdppc,GDP per capita (2011 international $),1955,4894.0
HUN,Hungary,gdppc,GDP per capita (2011 international $),1956,4632.0
HUN,Hungary,gdppc,GDP per capita (2011 international $),1957,5051.0
HUN,Hungary,gdppc,GDP per capita (2011 international $),1958,5367.0
HUN,Hungary,gdppc,GDP per capita (2011 international $),1959,5553.0
HUN,Hungary,gdppc,GDP per capita (2011 international $),1960,5816.0
HUN,Hungary,gdppc,GDP per capita (2011 international $),1961,6083.0
HUN,Hungary,gdppc,GDP per capita (2011 international $),1962,6315.0
HUN,Hungary,gdppc,GDP per capita (2011 international $),1963,6644.0
HUN,Hungary,gdppc,GDP per capita (2011 international $),1964,6994.0
HUN,Hungary,gdppc,GDP per capita (2011 international $),1965,7029.0
HUN,Hungary,gdppc,GDP per capita (2011 international $),1966,7406.0
HUN,Hungary,gdppc,GDP per capita (2011 international $),1967,7801.0
HUN,Hungary,gdppc,GDP per capita (2011 international $),1968,7865.0
HUN,Hungary,gdppc,GDP per capita (2011 international $),1969,8069.0
HUN,Hungary,gdppc,GDP per capita (2011 international $),1970,8015.0
HUN,Hungary,gdppc,GDP per capita (2011 international $),1971,8349.0
HUN,Hungary,gdppc,GDP per capita (2011 international $),1972,8505.0
HUN,Hungary,gdppc,GDP per capita (2011 international $),1973,8920.0
HUN,Hungary,gdppc,GDP per capita (2011 international $),1974,9111.0
HUN,Hungary,gdppc,GDP per capita (2011 international $),1975,9253.0
HUN,Hungary,gdppc,GDP per capita (2011 international $),1976,9231.0
HUN,Hungary,gdppc,GDP per capita (2011 international $),1977,9765.0
HUN,Hungary,gdppc,GDP per capita (2011 international $),1978,9967.0
HUN,Hungary,gdppc,GDP per capita (2011 international $),1979,9964.0
HUN,Hungary,gdppc,GDP per capita (2011 international $),1980,10052.0
HUN,Hungary,gdppc,GDP per capita (2011 international $),1981,10123.0
HUN,Hungary,gdppc,GDP per capita (2011 international $),1982,10493.0
HUN,Hungary,gdppc,GDP per capita (2011 international $),1983,10401.0
HUN,Hungary,gdppc,GDP per capita (2011 international $),1984,10696.0
HUN,Hungary,gdppc,GDP per capita (2011 international $),1985,10452.0
HUN,Hungary,gdppc,GDP per capita (2011 international $),1986,10678.0
HUN,Hungary,gdppc,GDP per capita (2011 international $),1987,10861.0
HUN,Hungary,gdppc,GDP per capita (2011 international $),1988,11207.0
HUN,Hungary,gdppc,GDP per capita (2011 international $),1989,11003.0
HUN,Hungary,gdppc,GDP per capita (2011 international $),1990,10296.0
HUN,Hungary,gdppc,GDP per capita (2011 international $),1991,9255.909
HUN,Hungary,gdppc,GDP per capita (2011 international $),1992,9153.921
HUN,Hungary,gdppc,GDP per capita (2011 international $),1993,9294.464
HUN,Hungary,gdppc,GDP per capita (2011 international $),1994,9772.224
HUN,Hungary,gdppc,GDP per capita (2011 international $),1995,10134.834
HUN,Hungary,gdppc,GDP per capita (2011 international $),1996,10359.182
HUN,Hungary,gdppc,GDP per capita (2011 international $),1997,10942.326
HUN,Hungary,gdppc,GDP per capita (2011 international $),1998,11663.028
HUN,Hungary,gdppc,GDP per capita (2011 international $),1999,12316.724
HUN,Hungary,gdppc,GDP per capita (2011 international $),2000,13129.273
HUN,Hungary,gdppc,GDP per capita (2011 international $),2001,13933.562
HUN,Hungary,gdppc,GDP per capita (2011 international $),2002,14899.307
HUN,Hungary,gdppc,GDP per capita (2011 international $),2003,15829.9
HUN,Hungary,gdppc,GDP per capita (2011 international $),2004,16999.006
HUN,Hungary,gdppc,GDP per capita (2011 international $),2005,18140.617
HUN,Hungary,gdppc,GDP per capita (2011 international $),2006,19253.062
HUN,Hungary,gdppc,GDP per capita (2011 international $),2007,19763.791
HUN,Hungary,gdppc,GDP per capita (2011 international $),2008,20380.63
HUN,Hungary,gdppc,GDP per capita (2011 international $),2009,19461.07
HUN,Hungary,gdppc,GDP per capita (2011 international $),2010,20036.334
HUN,Hungary,gdppc,GDP per capita (2011 international $),2011,20886.0
HUN,Hungary,gdppc,GDP per capita (2011 international $),2012,20731.67
HUN,Hungary,gdppc,GDP per capita (2011 international $),2013,21163.564
HUN,Hungary,gdppc,GDP per capita (2011 international $),2014,22118.75
HUN,Hungary,gdppc,GDP per capita (2011 international $),2015,22993.375
HUN,Hungary,gdppc,GDP per capita (2011 international $),2016,23568.926
HUN,Hungary,gdppc,GDP per capita (2011 international $),2017,24641.197
HUN,Hungary,gdppc,GDP per capita (2011 international $),2018,25995.51
HUN,Hungary,gdppc,GDP per capita (2011 international $),2019,27272.312
HUN,Hungary,gdppc,GDP per capita (2011 international $),2020,26091.4
HUN,Hungary,gdppc,GDP per capita (2011 international $),2021,28085.963
HUN,Hungary,gdppc,GDP per capita (2011 international $),2022,29451.855
HUN,Hungary,pop,Population (thousands),1900,7127.0
HUN,Hungary,pop,Population (thousands),1910,7644.0
HUN,Hungary,pop,Population (thousands),1913,7840.0
HUN,Hungary,pop,Population (thousands),1920,7950.0
HUN,Hungary,pop,Population (thousands),1924,8232.0
HUN,Hungary,pop,Population (thousands),1925,8299.0
HUN,Hungary,pop,Population (thousands),1926,8383.0
HUN,Hungary,pop,Population (thousands),1927,8454.0
HUN,Hungary,pop,Population (thousands),1928,8520.0
HUN,Hungary,pop,Population (thousands),1929,8583.0
HUN,Hungary,pop,Population (thousands),1930,8649.0
HUN,Hungary,pop,Population (thousands),1931,8723.0
HUN,Hungary,pop,Population (thousands),1932,8785.0
HUN,Hungary,pop,Population (thousands),1933,8848.0
HUN,Hungary,pop,Population (thousands),1934,8919.0
HUN,Hungary,pop,Population (thousands),1935,8985.0
HUN,Hungary,pop,Population (thousands),1936,9046.0
HUN,Hungary,pop,Population (thousands),1937,9107.0
HUN,Hungary,pop,Population (thousands),1938,9167.0
HUN,Hungary,pop,Population (thousands),1939,9227.0
HUN,Hungary,pop,Population (thousands),1940,9287.0
HUN,Hungary,pop,Population (thousands),1941,9344.0
HUN,Hungary,pop,Population (thousands),1942,9396.0
HUN,Hungary,pop,Population (thousands),1946,9042.0
HUN,Hungary,pop,Population (thousands),1947,9079.0
HUN,Hungary,pop,Population (thousands),1948,9158.0
HUN,Hungary,pop,Population (thousands),1949,9250.0
HUN,Hungary,pop,Population (thousands),1950,9338.0
HUN,Hungary,pop,Population (thousands),1951,9423.0
HUN,Hungary,pop,Population (thousands),1952,9504.0
HUN,Hungary,pop,Population (thousands),1953,9595.0
HUN,Hungary,pop,Population (thousands),1954,9706.0
HUN,Hungary,pop,Population (thousands),1955,9825.0
HUN,Hungary,pop,Population (thousands),1956,9911.0
HUN,Hungary,pop,Population (thousands),1957,9839.0
HUN,Hungary,pop,Population (thousands),1958,9882.0
HUN,Hungary,pop,Population (thousands),1959,9937.0
HUN,Hungary,pop,Population (thousands),1960,9983.511718707015
HUN,Hungary,pop,Population (thousands),1961,10029.0
HUN,Hungary,pop,Population (thousands),1962,10063.0
HUN,Hungary,pop,Population (thousands),1963,10091.0
HUN,Hungary,pop,Population (thousands),1964,10124.0
HUN,Hungary,pop,Population (thousands),1965,10152.933593683312
HUN,Hungary,pop,Population (thousands),1966,10184.560546853902
HUN,Hungary,pop,Population (thousands),1967,10223.421874887836
HUN,Hungary,pop,Population (thousands),1968,10263.541992116974
HUN,Hungary,pop,Population (thousands),1969,10302.814453092082
HUN,Hungary,pop,Population (thousands),1970,10337.00390617592
HUN,Hungary,pop,Population (thousands),1971,10364.869140615641
HUN,Hungary,pop,Population (thousands),1972,10394.090820223399
HUN,Hungary,pop,Population (thousands),1973,10425.984375
HUN,Hungary,pop,Population (thousands),1974,10471.272460871474
HUN,Hungary,pop,Population (thousands),1975,10531.82031243921
HUN,Hungary,pop,Population (thousands),1976,10588.728515545445
HUN,Hungary,pop,Population (thousands),1977,10637.170898412698
HUN,Hungary,pop,Population (thousands),1978,10673.299804655362
HUN,Hungary,pop,Population (thousands),1979,10698.234374949818
HUN,Hungary,pop,Population (thousands),1980,10711.12207023478
HUN,Hungary,pop,Population (thousands),1981,10711.847656228392
HUN,Hungary,pop,Population (thousands),1982,10705.535156199372
HUN,Hungary,pop,Population (thousands),1983,10689.462890587443
HUN,Hungary,pop,Population (thousands),1984,10668.094726533283
HUN,Hungary,pop,Population (thousands),1985,10648.712890547264
HUN,Hungary,pop,Population (thousands),1986,10630.563476493726
HUN,Hungary,pop,Population (thousands),1987,10612.740234324647
HUN,Hungary,pop,Population (thousands),1988,10442.5
HUN,Hungary,pop,Population (thousands),1989,10397.9589843679
HUN,Hungary,pop,Population (thousands),1990,10371.87792968143
HUN,Hungary,pop,Population (thousands),1991,10352.870318085452
HUN,Hungary,pop,Population (thousands),1992,10330.849494659175
HUN,Hungary,pop,Population (thousands),1993,10300.829930913715
HUN,Hungary,pop,Population (thousands),1994,10267.809184480422
HUN,Hungary,pop,Population (thousands),1995,10335.820296513983
HUN,Hungary,pop,Population (thousands),1996,10318.07972009759
HUN,Hungary,pop,Population (thousands),1997,10297.309732044176
HUN,Hungary,pop,Population (thousands),1998,10273.380164910863
HUN,Hungary,pop,Population (thousands),1999,10244.320007089547
HUN,Hungary,pop,Population (thousands),2000,10217.740574820862
HUN,Hungary,pop,Population (thousands),2001,10194.33949502647
HUN,Hungary,pop,Population (thousands),2002,10165.349364168413
HUN,Hungary,pop,Population (thousands),2003,10136.269781363117
HUN,Hungary,pop,Population (thousands),2004,10113.849525672264
HUN,Hungary,pop,Population (thousands),2005,10093.759869909607
HUN,Hungary,pop,Population (thousands),2006,10078.050066373857
HUN,Hungary,pop,Population (thousands),2007,10062.450203253009
HUN,Hungary,pop,Population (thousands),2008,10044.850032898885
HUN,Hungary,pop,Population (thousands),2009,10029.299965726448
HUN,Hungary,pop,Population (thousands),2010,10006.650382799568
HUN,Hungary,pop,Population (thousands),2011,9978.339843723068
HUN,Hungary,pop,Population (thousands),2012,9926.940392259765
HUN,Hungary,pop,Population (thousands),2013,9899.639860375126
HUN,Hungary,pop,Population (thousands),2014,9873.009765606104
HUN,Hungary,pop,Population (thousands),2015,9849.559570311014
HUN,Hungary,pop,Population (thousands),2016,9820.530182283232
HUN,Hungary,pop,Population (thousands),2017,9794.460066489466
HUN,Hungary,pop,Population (thousands),2018,9782.039950860746
HUN,Hungary,pop,Population (thousands),2019,9777.62029643838
HUN,Hungary,pop,Population (thousands),2020,9756.620263228497
HUN,Hungary,pop,Population (thousands),2021,9716.330040276704
HUN,Hungary,pop,Population (thousands),2022,9689.889802628732
IRL,Ireland,gdp,GDP (2011 international $),1913,18952906000.0
IRL,Ireland,gdp,GDP (2011 international $),1921,12501648000.0
IRL,Ireland,gdp,GDP (2011 international $),1922,12431282000.0
IRL,Ireland,gdp,GDP (2011 international $),1923,12372470000.0
IRL,Ireland,gdp,GDP (2011 international $),1924,12305475000.0
IRL,Ireland,gdp,GDP (2011 international $),1925,12241485000.0
IRL,Ireland,gdp,GDP (2011 international $),1926,12181100000.0
IRL,Ireland,gdp,GDP (2011 international $),1927,12505153000.0
IRL,Ireland,gdp,GDP (2011 international $),1928,12844672000.0
IRL,Ireland,gdp,GDP (2011 international $),1929,13219437000.0
IRL,Ireland,gdp,GDP (2011 international $),1930,13516886000.0
IRL,Ireland,gdp,GDP (2011 international $),1931,13893621000.0
IRL,Ireland,gdp,GDP (2011 international $),1932,13562451000.0
IRL,Ireland,gdp,GDP (2011 international $),1933,13219406000.0
IRL,Ireland,gdp,GDP (2011 international $),1934,13648774000.0
IRL,Ireland,gdp,GDP (2011 international $),1935,14046888000.0
IRL,Ireland,gdp,GDP (2011 international $),1936,14434455000.0
IRL,Ireland,gdp,GDP (2011 international $),1937,13893924000.0
IRL,Ireland,gdp,GDP (2011 international $),1938,14288505000.0
IRL,Ireland,gdp,GDP (2011 international $),1939,14273910000.0
IRL,Ireland,gdp,GDP (2011 international $),1940,14390670000.0
IRL,Ireland,gdp,GDP (2011 international $),1941,14560945000.0
IRL,Ireland,gdp,GDP (2011 international $),1942,14414995000.0
IRL,Ireland,gdp,GDP (2011 international $),1943,14332290000.0
IRL,Ireland,gdp,GDP (2011 international $),1944,14322560000.0
IRL,Ireland,gdp,GDP (2011 international $),1945,14205024000.0
IRL,Ireland,gdp,GDP (2011 international $),1946,14385805000.0
IRL,Ireland,gdp,GDP (2011 international $),1947,14658846000.0
IRL,Ireland,gdp,GDP (2011 international $),1948,15369765000.0
IRL,Ireland,gdp,GDP (2011 international $),1949,16174906000.0
IRL,Ireland,gdp,GDP (2011 international $),1950,16308451437.0
IRL,Ireland,gdp,GDP (2011 international $),1951,16717148037.0
IRL,Ireland,gdp,GDP (2011 international $),1952,17137265614.0
IRL,Ireland,gdp,GDP (2011 international $),1953,17604288812.0
IRL,Ireland,gdp,GDP (2011 international $),1954,17761579171.0
IRL,Ireland,gdp,GDP (2011 international $),1955,18219999337.0
IRL,Ireland,gdp,GDP (2011 international $),1956,17985311199.0
IRL,Ireland,gdp,GDP (2011 international $),1957,17957214397.0
IRL,Ireland,gdp,GDP (2011 international $),1958,17591039049.0
IRL,Ireland,gdp,GDP (2011 international $),1959,18300655017.0
IRL,Ireland,gdp,GDP (2011 international $),1960,19328400000.0
IRL,Ireland,gdp,GDP (2011 international $),1961,20252304150.0
IRL,Ireland,gdp,GDP (2011 international $),1962,20913700000.0
IRL,Ireland,gdp,GDP (2011 international $),1963,21902250000.0
IRL,Ireland,gdp,GDP (2011 international $),1964,22763072000.0
IRL,Ireland,gdp,GDP (2011 international $),1965,23154676000.0
IRL,Ireland,gdp,GDP (2011 international $),1966,23351748000.0
IRL,Ireland,gdp,GDP (2011 international $),1967,24740753933.0
IRL,Ireland,gdp,GDP (2011 international $),1968,26786262500.0
IRL,Ireland,gdp,GDP (2011 international $),1969,28395874547.0
IRL,Ireland,gdp,GDP (2011 international $),1970,29149939064.0
IRL,Ireland,gdp,GDP (2011 international $),1971,30164222894.0
IRL,Ireland,gdp,GDP (2011 international $),1972,32122151362.0
IRL,Ireland,gdp,GDP (2011 international $),1973,33639246665.0
IRL,Ireland,gdp,GDP (2011 international $),1974,35069144451.0
IRL,Ireland,gdp,GDP (2011 international $),1975,37053673169.0
IRL,Ireland,gdp,GDP (2011 international $),1976,37568364768.0
IRL,Ireland,gdp,GDP (2011 international $),1977,40653356286.0
IRL,Ireland,gdp,GDP (2011 international $),1978,43579100000.0
IRL,Ireland,gdp,GDP (2011 international $),1979,44914946348.0
IRL,Ireland,gdp,GDP (2011 international $),1980,46301214000.0
IRL,Ireland,gdp,GDP (2011 international $),1981,47839154843.0
IRL,Ireland,gdp,GDP (2011 international $),1982,48932280000.0
IRL,Ireland,gdp,GDP (2011 international $),1983,48814224000.0
IRL,Ireland,gdp,GDP (2011 international $),1984,50941115000.0
IRL,Ireland,gdp,GDP (2011 international $),1985,52512360000.0
IRL,Ireland,gdp,GDP (2011 international $),1986,52286104000.0
IRL,Ireland,gdp,GDP (2011 international $),1987,54719772690.0
IRL,Ireland,gdp,GDP (2011 international $),1988,57578366393.0
IRL,Ireland,gdp,GDP (2011 international $),1989,60929426753.0
IRL,Ireland,gdp,GDP (2011 international $),1990,66087470680.0
IRL,Ireland,gdp,GDP (2011 international $),1991,67931954747.0
IRL,Ireland,gdp,GDP (2011 international $),1992,71260987727.0
IRL,Ireland,gdp,GDP (2011 international $),1993,73767381672.0
IRL,Ireland,gdp,GDP (2011 international $),1994,78958775461.0
IRL,Ireland,gdp,GDP (2011 international $),1995,87444502170.0
IRL,Ireland,gdp,GDP (2011 international $),1996,96380321753.0
IRL,Ireland,gdp,GDP (2011 international $),1997,108003078862.0
IRL,Ireland,gdp,GDP (2011 international $),1998,118588811316.0
IRL,Ireland,gdp,GDP (2011 international $),1999,132916954385.0
IRL,Ireland,gdp,GDP (2011 international $),2000,147722370991.0
IRL,Ireland,gdp,GDP (2011 international $),2001,158384851025.0
IRL,Ireland,gdp,GDP (2011 international $),2002,169226186783.0
IRL,Ireland,gdp,GDP (2011 international $),2003,177468844871.0
IRL,Ireland,gdp,GDP (2011 international $),2004,191402766075.0
IRL,Ireland,gdp,GDP (2011 international $),2005,204898243531.0
IRL,Ireland,gdp,GDP (2011 international $),2006,219162994472.0
IRL,Ireland,gdp,GDP (2011 international $),2007,230371638354.0
IRL,Ireland,gdp,GDP (2011 international $),2008,223067117042.0
IRL,Ireland,gdp,GDP (2011 international $),2009,215181048184.0
IRL,Ireland,gdp,GDP (2011 international $),2010,221852442105.0
IRL,Ireland,gdp,GDP (2011 international $),2011,224397469453.0
IRL,Ireland,gdp,GDP (2011 international $),2012,217871560184.0
IRL,Ireland,gdp,GDP (2011 international $),2013,222738952818.0
IRL,Ireland,gdp,GDP (2011 international $),2014,236178350686.0
IRL,Ireland,gdp,GDP (2011 international $),2015,249955928768.0
IRL,Ireland,gdp,GDP (2011 international $),2016,255118282428.0
IRL,Ireland,gdp,GDP (2011 international $),2017,266528546717.0
IRL,Ireland,gdp,GDP (2011 international $),2018,282500483309.0
IRL,Ireland,gdp,GDP (2011 international $),2019,294503693886.0
IRL,Ireland,gdp,GDP (2011 international $),2020,274762344680.0
IRL,Ireland,gdp,GDP (2011 international $),2021,287639621097.0
IRL,Ireland,gdp,GDP (2011 international $),2022,308390920561.0
IRL,Ireland,gdppc,GDP per capita (2011 international $),1913,4361.0
IRL,Ireland,gdppc,GDP per capita (2011 international $),1921,4038.0
IRL,Ireland,gdppc,GDP per capita (2011 international $),1922,4141.0
IRL,Ireland,gdppc,GDP per capita (2011 international $),1923,4105.0
IRL,Ireland,gdppc,GDP per capita (2011 international $),1924,4095.0
IRL,Ireland,gdppc,GDP per capita (2011 international $),1925,4101.0
IRL,Ireland,gdppc,GDP per capita (2011 international $),1926,4100.0
IRL,Ireland,gdppc,GDP per capita (2011 international $),1927,4229.0
IRL,Ireland,gdppc,GDP per capita (2011 international $),1928,4363.0
IRL,Ireland,gdppc,GDP per capita (2011 international $),1929,4501.0
IRL,Ireland,gdppc,GDP per capita (2011 international $),1930,4618.0
IRL,Ireland,gdppc,GDP per capita (2011 international $),1931,4737.0
IRL,Ireland,gdppc,GDP per capita (2011 international $),1932,4599.0
IRL,Ireland,gdppc,GDP per capita (2011 international $),1933,4463.0
IRL,Ireland,gdppc,GDP per capita (2011 international $),1934,4594.0
IRL,Ireland,gdppc,GDP per capita (2011 international $),1935,4728.0
IRL,Ireland,gdppc,GDP per capita (2011 international $),1936,4865.0
IRL,Ireland,gdppc,GDP per capita (2011 international $),1937,4713.0
IRL,Ireland,gdppc,GDP per capita (2011 international $),1938,4865.0
IRL,Ireland,gdppc,GDP per capita (2011 international $),1939,4865.0
IRL,Ireland,gdppc,GDP per capita (2011 international $),1940,4865.0
IRL,Ireland,gdppc,GDP per capita (2011 international $),1941,4865.0
IRL,Ireland,gdppc,GDP per capita (2011 international $),1942,4865.0
IRL,Ireland,gdppc,GDP per capita (2011 international $),1943,4865.0
IRL,Ireland,gdppc,GDP per capita (2011 international $),1944,4865.0
IRL,Ireland,gdppc,GDP per capita (2011 international $),1945,4812.0
IRL,Ireland,gdppc,GDP per capita (2011 international $),1946,4865.0
IRL,Ireland,gdppc,GDP per capita (2011 international $),1947,4929.0
IRL,Ireland,gdppc,GDP per capita (2011 international $),1948,5149.0
IRL,Ireland,gdppc,GDP per capita (2011 international $),1949,5426.0
IRL,Ireland,gdppc,GDP per capita (2011 international $),1950,5504.0
IRL,Ireland,gdppc,GDP per capita (2011 international $),1951,5649.0
IRL,Ireland,gdppc,GDP per capita (2011 international $),1952,5805.0
IRL,Ireland,gdppc,GDP per capita (2011 international $),1953,5973.0
IRL,Ireland,gdppc,GDP per capita (2011 international $),1954,6048.0
IRL,Ireland,gdppc,GDP per capita (2011 international $),1955,6248.0
IRL,Ireland,gdppc,GDP per capita (2011 international $),1956,6212.0
IRL,Ireland,gdppc,GDP per capita (2011 international $),1957,6239.0
IRL,Ireland,gdppc,GDP per capita (2011 international $),1958,6169.0
IRL,Ireland,gdppc,GDP per capita (2011 international $),1959,6437.0
IRL,Ireland,gdppc,GDP per capita (2011 international $),1960,6825.0
IRL,Ireland,gdppc,GDP per capita (2011 international $),1961,7186.0
IRL,Ireland,gdppc,GDP per capita (2011 international $),1962,7390.0
IRL,Ireland,gdppc,GDP per capita (2011 international $),1963,7685.0
IRL,Ireland,gdppc,GDP per capita (2011 international $),1964,7948.0
IRL,Ireland,gdppc,GDP per capita (2011 international $),1965,8051.0
IRL,Ireland,gdppc,GDP per capita (2011 international $),1966,8097.0
IRL,Ireland,gdppc,GDP per capita (2011 international $),1967,8531.0
IRL,Ireland,gdppc,GDP per capita (2011 international $),1968,9197.0
IRL,Ireland,gdppc,GDP per capita (2011 international $),1969,9706.0
IRL,Ireland,gdppc,GDP per capita (2011 international $),1970,9881.0
IRL,Ireland,gdppc,GDP per capita (2011 international $),1971,10128.0
IRL,Ireland,gdppc,GDP per capita (2011 international $),1972,10621.0
IRL,Ireland,gdppc,GDP per capita (2011 international $),1973,10946.0
IRL,Ireland,gdppc,GDP per capita (2011 international $),1974,11225.0
IRL,Ireland,gdppc,GDP per capita (2011 international $),1975,11662.0
IRL,Ireland,gdppc,GDP per capita (2011 international $),1976,11639.0
IRL,Ireland,gdppc,GDP per capita (2011 international $),1977,12425.0
IRL,Ireland,gdppc,GDP per capita (2011 international $),1978,13150.0
IRL,Ireland,gdppc,GDP per capita (2011 international $),1979,13335.0
IRL,Ireland,gdppc,GDP per capita (2011 international $),1980,13614.0
IRL,Ireland,gdppc,GDP per capita (2011 international $),1981,13893.0
IRL,Ireland,gdppc,GDP per capita (2011 international $),1982,14061.0
IRL,Ireland,gdppc,GDP per capita (2011 international $),1983,13931.0
IRL,Ireland,gdppc,GDP per capita (2011 international $),1984,14435.0
IRL,Ireland,gdppc,GDP per capita (2011 international $),1985,14834.0
IRL,Ireland,gdppc,GDP per capita (2011 international $),1986,14768.0
IRL,Ireland,gdppc,GDP per capita (2011 international $),1987,15458.0
IRL,Ireland,gdppc,GDP per capita (2011 international $),1988,16313.0
IRL,Ireland,gdppc,GDP per capita (2011 international $),1989,17343.0
IRL,Ireland,gdppc,GDP per capita (2011 international $),1990,18838.0
IRL,Ireland,gdppc,GDP per capita (2011 international $),1991,19253.943
IRL,Ireland,gdppc,GDP per capita (2011 international $),1992,20032.719
IRL,Ireland,gdppc,GDP per capita (2011 international $),1993,20627.078
IRL,Ireland,gdppc,GDP per capita (2011 international $),1994,22004.814
IRL,Ireland,gdppc,GDP per capita (2011 international $),1995,24266.143
IRL,Ireland,gdppc,GDP per capita (2011 international $),1996,26562.908
IRL,Ireland,gdppc,GDP per capita (2011 international $),1997,29455.92
IRL,Ireland,gdppc,GDP per capita (2011 international $),1998,31908.648
IRL,Ireland,gdppc,GDP per capita (2011 international $),1999,35377.164
IRL,Ireland,gdppc,GDP per capita (2011 international $),2000,38806.5
IRL,Ireland,gdppc,GDP per capita (2011 international $),2001,40966.332
IRL,Ireland,gdppc,GDP per capita (2011 international $),2002,43012.816
IRL,Ireland,gdppc,GDP per capita (2011 international $),2003,44372.758
IRL,Ireland,gdppc,GDP per capita (2011 international $),2004,47028.863
IRL,Ireland,gdppc,GDP per capita (2011 international $),2005,49223.383
IRL,Ireland,gdppc,GDP per capita (2011 international $),2006,51296.195
IRL,Ireland,gdppc,GDP per capita (2011 international $),2007,52322.23
IRL,Ireland,gdppc,GDP per capita (2011 international $),2008,49583.14
IRL,Ireland,gdppc,GDP per capita (2011 international $),2009,47375.734
IRL,Ireland,gdppc,GDP per capita (2011 international $),2010,48623.81
IRL,Ireland,gdppc,GDP per capita (2011 international $),2011,48980.0
IRL,Ireland,gdppc,GDP per capita (2011 international $),2012,47360.09
IRL,Ireland,gdppc,GDP per capita (2011 international $),2013,48181.234
IRL,Ireland,gdppc,GDP per capita (2011 international $),2014,50732.348
IRL,Ireland,gdppc,GDP per capita (2011 international $),2015,53196.598
IRL,Ireland,gdppc,GDP per capita (2011 international $),2016,53686.844
IRL,Ireland,gdppc,GDP per capita (2011 international $),2017,55465.652
IRL,Ireland,gdppc,GDP per capita (2011 international $),2018,58083.45
IRL,Ireland,gdppc,GDP per capita (2011 international $),2019,59733.91
IRL,Ireland,gdppc,GDP per capita (2011 international $),2020,55134.855
IRL,Ireland,gdppc,GDP per capita (2011 international $),2021,57278.42
IRL,Ireland,gdppc,GDP per capita (2011 international $),2022,60257.082
IRL,Ireland,pop,Population (thousands),1913,4346.0
IRL,Ireland,pop,Population (thousands),1921,3096.0
IRL,Ireland,pop,Population (thousands),1922,3002.0
IRL,Ireland,pop,Population (thousands),1923,3014.0
IRL,Ireland,pop,Population (thousands),1924,3005.0
IRL,Ireland,pop,Population (thousands),1925,2985.0
IRL,Ireland,pop,Population (thousands),1926,2971.0
IRL,Ireland,pop,Population (thousands),1927,2957.0
IRL,Ireland,pop,Population (thousands),1928,2944.0
IRL,Ireland,pop,Population (thousands),1929,2937.0
IRL,Ireland,pop,Population (thousands),1930,2927.0
IRL,Ireland,pop,Population (thousands),1931,2933.0
IRL,Ireland,pop,Population (thousands),1932,2949.0
IRL,Ireland,pop,Population (thousands),1933,2962.0
IRL,Ireland,pop,Population (thousands),1934,2971.0
IRL,Ireland,pop,Population (thousands),1935,2971.0
IRL,Ireland,pop,Population (thousands),1936,2967.0
IRL,Ireland,pop,Population (thousands),1937,2948.0
IRL,Ireland,pop,Population (thousands),1938,2937.0
IRL,Ireland,pop,Population (thousands),1939,2934.0
IRL,Ireland,pop,Population (thousands),1940,2958.0
IRL,Ireland,pop,Population (thousands),1941,2993.0
IRL,Ireland,pop,Population (thousands),1942,2963.0
IRL,Ireland,pop,Population (thousands),1943,2946.0
IRL,Ireland,pop,Population (thousands),1944,2944.0
IRL,Ireland,pop,Population (thousands),1945,2952.0
IRL,Ireland,pop,Population (thousands),1946,2957.0
IRL,Ireland,pop,Population (thousands),1947,2974.0
IRL,Ireland,pop,Population (thousands),1948,2985.0
IRL,Ireland,pop,Population (thousands),1949,2981.0
IRL,Ireland,pop,Population (thousands),1950,2963.018066315407
IRL,Ireland,pop,Population (thousands),1951,2959.311035050451
IRL,Ireland,pop,Population (thousands),1952,2952.15600585702
IRL,Ireland,pop,Population (thousands),1953,2947.3110349907915
IRL,Ireland,pop,Population (thousands),1954,2936.769042824074
IRL,Ireland,pop,Population (thousands),1955,2916.1330564980794
IRL,Ireland,pop,Population (thousands),1956,2895.2529296522857
IRL,Ireland,pop,Population (thousands),1957,2878.2199706683764
IRL,Ireland,pop,Population (thousands),1958,2851.5219726049604
IRL,Ireland,pop,Population (thousands),1959,2843.041015535187
IRL,Ireland,pop,Population (thousands),1960,2832.0
IRL,Ireland,pop,Population (thousands),1961,2818.3000487058166
IRL,Ireland,pop,Population (thousands),1962,2830.0
IRL,Ireland,pop,Population (thousands),1963,2850.0
IRL,Ireland,pop,Population (thousands),1964,2864.0
IRL,Ireland,pop,Population (thousands),1965,2876.0
IRL,Ireland,pop,Population (thousands),1966,2884.0
IRL,Ireland,pop,Population (thousands),1967,2900.1000976438872
IRL,Ireland,pop,Population (thousands),1968,2912.5
IRL,Ireland,pop,Population (thousands),1969,2925.6000975685142
IRL,Ireland,pop,Population (thousands),1970,2950.100097560976
IRL,Ireland,pop,Population (thousands),1971,2978.3000487756717
IRL,Ireland,pop,Population (thousands),1972,3024.3999022690896
IRL,Ireland,pop,Population (thousands),1973,3073.199951123698
IRL,Ireland,pop,Population (thousands),1974,3124.1999510913142
IRL,Ireland,pop,Population (thousands),1975,3177.300048790945
IRL,Ireland,pop,Population (thousands),1976,3227.8000488014436
IRL,Ireland,pop,Population (thousands),1977,3271.899902293763
IRL,Ireland,pop,Population (thousands),1978,3314.0
IRL,Ireland,pop,Population (thousands),1979,3368.1999511061117
IRL,Ireland,pop,Population (thousands),1980,3401.0
IRL,Ireland,pop,Population (thousands),1981,3443.3999023249116
IRL,Ireland,pop,Population (thousands),1982,3480.0
IRL,Ireland,pop,Population (thousands),1983,3504.0
IRL,Ireland,pop,Population (thousands),1984,3529.0
IRL,Ireland,pop,Population (thousands),1985,3540.0
IRL,Ireland,pop,Population (thousands),1986,3540.5
IRL,Ireland,pop,Population (thousands),1987,3539.8999023159527
IRL,Ireland,pop,Population (thousands),1988,3529.600097652179
IRL,Ireland,pop,Population (thousands),1989,3513.199951161852
IRL,Ireland,pop,Population (thousands),1990,3508.1999511625436
IRL,Ireland,pop,Population (thousands),1991,3528.21002674621
IRL,Ireland,pop,Population (thousands),1992,3557.2299360361417
IRL,Ireland,pop,Population (thousands),1993,3576.240011891165
IRL,Ireland,pop,Population (thousands),1994,3588.2500738701997
IRL,Ireland,pop,Population (thousands),1995,3603.559995916945
IRL,Ireland,pop,Population (thousands),1996,3628.3799105504563
IRL,Ireland,pop,Population (thousands),1997,3666.600087927996
IRL,Ireland,pop,Population (thousands),1998,3716.510060720843
IRL,Ireland,pop,Population (thousands),1999,3757.139899201644
IRL,Ireland,pop,Population (thousands),2000,3806.639892569544
IRL,Ireland,pop,Population (thousands),2001,3866.2199736359116
IRL,Ireland,pop,Population (thousands),2002,3934.3201055006493
IRL,Ireland,pop,Population (thousands),2003,3999.4999830977376
IRL,Ireland,pop,Population (thousands),2004,4069.8999266684377
IRL,Ireland,pop,Population (thousands),2005,4162.620101324608
IRL,Ireland,pop,Population (thousands),2006,4272.500026015575
IRL,Ireland,pop,Population (thousands),2007,4402.939980845617
IRL,Ireland,pop,Population (thousands),2008,4498.85015434682
IRL,Ireland,pop,Population (thousands),2009,4542.009801557903
IRL,Ireland,pop,Population (thousands),2010,4562.629750836062
IRL,Ireland,pop,Population (thousands),2011,4581.410156247448
IRL,Ireland,pop,Population (thousands),2012,4600.319809020634
IRL,Ireland,pop,Population (thousands),2013,4622.939977377915
IRL,Ireland,pop,Population (thousands),2014,4655.379851253879
IRL,Ireland,pop,Population (thousands),2015,4698.720184474954
IRL,Ireland,pop,Population (thousands),2016,4751.9701926974885
IRL,Ireland,pop,Population (thousands),2017,4805.2900688339505
IRL,Ireland,pop,Population (thousands),2018,4863.700129882092
IRL,Ireland,pop,Population (thousands),2019,4930.259778507719
IRL,Ireland,pop,Population (thousands),2020,4983.460003295556
IRL,Ireland,pop,Population (thousands),2021,5021.779949534222
IRL,Ireland,pop,Population (thousands),2022,5117.919924516092
ITA,Italy,gdp,GDP (2011 international $),1900,109905408000.0
ITA,Italy,gdp,GDP (2011 international $),1901,112370009000.0
ITA,Italy,gdp,GDP (2011 international $),1902,115173586000.0
ITA,Italy,gdp,GDP (2011 international $),1903,117151272000.0
ITA,Italy,gdp,GDP (2011 international $),1904,120148615000.0
ITA,Italy,gdp,GDP (2011 international $),1905,123658852000.0
ITA,Italy,gdp,GDP (2011 international $),1906,128904644000.0
ITA,Italy,gdp,GDP (2011 international $),1907,132267304000.0
ITA,Italy,gdp,GDP (2011 international $),1908,136236705000.0
ITA,Italy,gdp,GDP (2011 international $),1909,138550938000.0
ITA,Italy,gdp,GDP (2011 international $),1910,140034188000.0
ITA,Italy,gdp,GDP (2011 international $),1911,142868790000.0
ITA,Italy,gdp,GDP (2011 international $),1912,143956250000.0
ITA,Italy,gdp,GDP (2011 international $),1913,151115136000.0
ITA,Italy,gdp,GDP (2011 international $),1914,143912210000.0
ITA,Italy,gdp,GDP (2011 international $),1915,138330444000.0
ITA,Italy,gdp,GDP (2011 international $),1916,150355764000.0
ITA,Italy,gdp,GDP (2011 international $),1917,150214855000.0
ITA,Italy,gdp,GDP (2011 international $),1918,144677120000.0
ITA,Italy,gdp,GDP (2011 international $),1919,137862250000.0
ITA,Italy,gdp,GDP (2011 international $),1920,141701022000.0
ITA,Italy,gdp,GDP (2011 international $),1921,137949060000.0
ITA,Italy,gdp,GDP (2011 international $),1922,149601808000.0
ITA,Italy,gdp,GDP (2011 international $),1923,163378080000.0
ITA,Italy,gdp,GDP (2011 international $),1924,167814440000.0
ITA,Italy,gdp,GDP (2011 international $),1925,179375700000.0
ITA,Italy,gdp,GDP (2011 international $),1926,180761152000.0
ITA,Italy,gdp,GDP (2011 international $),1927,177482992000.0
ITA,Italy,gdp,GDP (2011 international $),1928,188592898000.0
ITA,Italy,gdp,GDP (2011 international $),1929,197852941000.0
ITA,Italy,gdp,GDP (2011 international $),1930,188903121000.0
ITA,Italy,gdp,GDP (2011 international $),1931,186657016000.0
ITA,Italy,gdp,GDP (2011 international $),1932,190665462000.0
ITA,Italy,gdp,GDP (2011 international $),1933,188473042000.0
ITA,Italy,gdp,GDP (2011 international $),1934,187987338000.0
ITA,Italy,gdp,GDP (2011 international $),1935,198143430000.0
ITA,Italy,gdp,GDP (2011 international $),1936,191135250000.0
ITA,Italy,gdp,GDP (2011 international $),1937,210128772000.0
ITA,Italy,gdp,GDP (2011 international $),1938,216270039000.0
ITA,Italy,gdp,GDP (2011 international $),1939,230115790000.0
ITA,Italy,gdp,GDP (2011 international $),1940,226094759000.0
ITA,Italy,gdp,GDP (2011 international $),1941,222193778000.0
ITA,Italy,gdp,GDP (2011 international $),1942,209763644000.0
ITA,Italy,gdp,GDP (2011 international $),1943,177590787000.0
ITA,Italy,gdp,GDP (2011 international $),1944,143206980000.0
ITA,Italy,gdp,GDP (2011 international $),1945,128646302000.0
ITA,Italy,gdp,GDP (2011 international $),1946,173983625000.0
ITA,Italy,gdp,GDP (2011 international $),1947,207087920000.0
ITA,Italy,gdp,GDP (2011 international $),1948,223278134000.0
ITA,Italy,gdp,GDP (2011 international $),1949,242450804000.0
ITA,Italy,gdp,GDP (2011 international $),1950,262940110000.0
ITA,Italy,gdp,GDP (2011 international $),1951,282516444000.0
ITA,Italy,gdp,GDP (2011 international $),1952,303680086000.0
ITA,Italy,gdp,GDP (2011 international $),1953,325628030000.0
ITA,Italy,gdp,GDP (2011 international $),1954,342536508000.0
ITA,Italy,gdp,GDP (2011 international $),1955,362461749000.0
ITA,Italy,gdp,GDP (2011 international $),1956,378893145000.0
ITA,Italy,gdp,GDP (2011 international $),1957,401226756000.0
ITA,Italy,gdp,GDP (2011 international $),1958,422722944000.0
ITA,Italy,gdp,GDP (2011 international $),1959,449036152000.0
ITA,Italy,gdp,GDP (2011 international $),1960,473363382734.0
ITA,Italy,gdp,GDP (2011 international $),1961,513214657664.0
ITA,Italy,gdp,GDP (2011 international $),1962,553275693898.0
ITA,Italy,gdp,GDP (2011 international $),1963,592671529843.0
ITA,Italy,gdp,GDP (2011 international $),1964,615796777476.0
ITA,Italy,gdp,GDP (2011 international $),1965,629615787023.0
ITA,Italy,gdp,GDP (2011 international $),1966,662465744179.0
ITA,Italy,gdp,GDP (2011 international $),1967,709741860656.0
ITA,Italy,gdp,GDP (2011 international $),1968,768994548476.0
ITA,Italy,gdp,GDP (2011 international $),1969,812977616000.0
ITA,Italy,gdp,GDP (2011 international $),1970,831317785406.0
ITA,Italy,gdp,GDP (2011 international $),1971,846968256500.0
ITA,Italy,gdp,GDP (2011 international $),1972,871751794687.0
ITA,Italy,gdp,GDP (2011 international $),1973,928806501562.0
ITA,Italy,gdp,GDP (2011 international $),1974,972368721304.0
ITA,Italy,gdp,GDP (2011 international $),1975,951557550058.0
ITA,Italy,gdp,GDP (2011 international $),1976,1013301897480.0
ITA,Italy,gdp,GDP (2011 international $),1977,1042645918097.0
ITA,Italy,gdp,GDP (2011 international $),1978,1081497979335.0
ITA,Italy,gdp,GDP (2011 international $),1979,1142855339257.0
ITA,Italy,gdp,GDP (2011 international $),1980,1183161666878.0
ITA,Italy,gdp,GDP (2011 international $),1981,1188868855925.0
ITA,Italy,gdp,GDP (2011 international $),1982,1194202254410.0
ITA,Italy,gdp,GDP (2011 international $),1983,1208770101503.0
ITA,Italy,gdp,GDP (2011 international $),1984,1239849227203.0
ITA,Italy,gdp,GDP (2011 international $),1985,1274693666324.0
ITA,Italy,gdp,GDP (2011 international $),1986,1310891922914.0
ITA,Italy,gdp,GDP (2011 international $),1987,1351528447250.0
ITA,Italy,gdp,GDP (2011 international $),1988,1403770038566.0
ITA,Italy,gdp,GDP (2011 international $),1989,1444197021007.0
ITA,Italy,gdp,GDP (2011 international $),1990,1475485283347.0
ITA,Italy,gdp,GDP (2011 international $),1991,1509175668697.0
ITA,Italy,gdp,GDP (2011 international $),1992,1531924051790.0
ITA,Italy,gdp,GDP (2011 international $),1993,1529550155063.0
ITA,Italy,gdp,GDP (2011 international $),1994,1573414707872.0
ITA,Italy,gdp,GDP (2011 international $),1995,1630199200435.0
ITA,Italy,gdp,GDP (2011 international $),1996,1662793011167.0
ITA,Italy,gdp,GDP (2011 international $),1997,1705188033729.0
ITA,Italy,gdp,GDP (2011 international $),1998,1744897501196.0
ITA,Italy,gdp,GDP (2011 international $),1999,1784529161518.0
ITA,Italy,gdp,GDP (2011 international $),2000,1863751547560.0
ITA,Italy,gdp,GDP (2011 international $),2001,1910272015654.0
ITA,Italy,gdp,GDP (2011 international $),2002,1929301903714.0
ITA,Italy,gdp,GDP (2011 international $),2003,1947667703883.0
ITA,Italy,gdp,GDP (2011 international $),2004,1994293720592.0
ITA,Italy,gdp,GDP (2011 international $),2005,2029243417217.0
ITA,Italy,gdp,GDP (2011 international $),2006,2086553648584.0
ITA,Italy,gdp,GDP (2011 international $),2007,2134371774096.0
ITA,Italy,gdp,GDP (2011 international $),2008,2129113318512.0
ITA,Italy,gdp,GDP (2011 international $),2009,2029023036275.0
ITA,Italy,gdp,GDP (2011 international $),2010,2080545936781.0
ITA,Italy,gdp,GDP (2011 international $),2011,2110883320816.0
ITA,Italy,gdp,GDP (2011 international $),2012,2047959835066.0
ITA,Italy,gdp,GDP (2011 international $),2013,2010255414011.0
ITA,Italy,gdp,GDP (2011 international $),2014,2010164047423.0
ITA,Italy,gdp,GDP (2011 international $),2015,2025809415322.0
ITA,Italy,gdp,GDP (2011 international $),2016,2052012434345.0
ITA,Italy,gdp,GDP (2011 international $),2017,2086237040647.0
ITA,Italy,gdp,GDP (2011 international $),2018,2105551772855.0
ITA,Italy,gdp,GDP (2011 international $),2019,2115725732767.0
ITA,Italy,gdp,GDP (2011 international $),2020,1925751927111.0
ITA,Italy,gdp,GDP (2011 international $),2021,2060299944789.0
ITA,Italy,gdp,GDP (2011 international $),2022,2136009300257.0
ITA,Italy,gdppc,GDP per capita (2011 international $),1900,3264.0
ITA,Italy,gdppc,GDP per capita (2011 international $),1901,3317.0
ITA,Italy,gdppc,GDP per capita (2011 international $),1902,3371.0
ITA,Italy,gdppc,GDP per capita (2011 international $),1903,3402.0
ITA,Italy,gdppc,GDP per capita (2011 international $),1904,3461.0
ITA,Italy,gdppc,GDP per capita (2011 international $),1905,3532.0
ITA,Italy,gdppc,GDP per capita (2011 international $),1906,3652.0
ITA,Italy,gdppc,GDP per capita (2011 international $),1907,3716.0
ITA,Italy,gdppc,GDP per capita (2011 international $),1908,3795.0
ITA,Italy,gdppc,GDP per capita (2011 international $),1909,3826.0
ITA,Italy,gdppc,GDP per capita (2011 international $),1910,3829.0
ITA,Italy,gdppc,GDP per capita (2011 international $),1911,3870.0
ITA,Italy,gdppc,GDP per capita (2011 international $),1912,3875.0
ITA,Italy,gdppc,GDP per capita (2011 international $),1913,4057.0
ITA,Italy,gdppc,GDP per capita (2011 international $),1914,3835.0
ITA,Italy,gdppc,GDP per capita (2011 international $),1915,3642.0
ITA,Italy,gdppc,GDP per capita (2011 international $),1916,3942.0
ITA,Italy,gdppc,GDP per capita (2011 international $),1917,3955.0
ITA,Italy,gdppc,GDP per capita (2011 international $),1918,3856.0
ITA,Italy,gdppc,GDP per capita (2011 international $),1919,3701.0
ITA,Italy,gdppc,GDP per capita (2011 international $),1920,3789.0
ITA,Italy,gdppc,GDP per capita (2011 international $),1921,3660.0
ITA,Italy,gdppc,GDP per capita (2011 international $),1922,3928.0
ITA,Italy,gdppc,GDP per capita (2011 international $),1923,4248.0
ITA,Italy,gdppc,GDP per capita (2011 international $),1924,4324.0
ITA,Italy,gdppc,GDP per capita (2011 international $),1925,4580.0
ITA,Italy,gdppc,GDP per capita (2011 international $),1926,4576.0
ITA,Italy,gdppc,GDP per capita (2011 international $),1927,4454.0
ITA,Italy,gdppc,GDP per capita (2011 international $),1928,4693.0
ITA,Italy,gdppc,GDP per capita (2011 international $),1929,4889.0
ITA,Italy,gdppc,GDP per capita (2011 international $),1930,4631.0
ITA,Italy,gdppc,GDP per capita (2011 international $),1931,4538.0
ITA,Italy,gdppc,GDP per capita (2011 international $),1932,4602.0
ITA,Italy,gdppc,GDP per capita (2011 international $),1933,4514.0
ITA,Italy,gdppc,GDP per capita (2011 international $),1934,4466.0
ITA,Italy,gdppc,GDP per capita (2011 international $),1935,4670.0
ITA,Italy,gdppc,GDP per capita (2011 international $),1936,4471.0
ITA,Italy,gdppc,GDP per capita (2011 international $),1937,4879.0
ITA,Italy,gdppc,GDP per capita (2011 international $),1938,4981.0
ITA,Italy,gdppc,GDP per capita (2011 international $),1939,5246.0
ITA,Italy,gdppc,GDP per capita (2011 international $),1940,5099.0
ITA,Italy,gdppc,GDP per capita (2011 international $),1941,4967.0
ITA,Italy,gdppc,GDP per capita (2011 international $),1942,4661.0
ITA,Italy,gdppc,GDP per capita (2011 international $),1943,3931.0
ITA,Italy,gdppc,GDP per capita (2011 international $),1944,3162.0
ITA,Italy,gdppc,GDP per capita (2011 international $),1945,2831.0
ITA,Italy,gdppc,GDP per capita (2011 international $),1946,3805.0
ITA,Italy,gdppc,GDP per capita (2011 international $),1947,4498.0
ITA,Italy,gdppc,GDP per capita (2011 international $),1948,4814.0
ITA,Italy,gdppc,GDP per capita (2011 international $),1949,5188.0
ITA,Italy,gdppc,GDP per capita (2011 international $),1950,5582.0
ITA,Italy,gdppc,GDP per capita (2011 international $),1951,5958.0
ITA,Italy,gdppc,GDP per capita (2011 international $),1952,6371.0
ITA,Italy,gdppc,GDP per capita (2011 international $),1953,6790.0
ITA,Italy,gdppc,GDP per capita (2011 international $),1954,7092.0
ITA,Italy,gdppc,GDP per capita (2011 international $),1955,7453.0
ITA,Italy,gdppc,GDP per capita (2011 international $),1956,7745.0
ITA,Italy,gdppc,GDP per capita (2011 international $),1957,8158.0
ITA,Italy,gdppc,GDP per capita (2011 international $),1958,8544.0
ITA,Italy,gdppc,GDP per capita (2011 international $),1959,9011.0
ITA,Italy,gdppc,GDP per capita (2011 international $),1960,9430.0
ITA,Italy,gdppc,GDP per capita (2011 international $),1961,10158.0
ITA,Italy,gdppc,GDP per capita (2011 international $),1962,10882.0
ITA,Italy,gdppc,GDP per capita (2011 international $),1963,11576.0
ITA,Italy,gdppc,GDP per capita (2011 international $),1964,11934.0
ITA,Italy,gdppc,GDP per capita (2011 international $),1965,12111.0
ITA,Italy,gdppc,GDP per capita (2011 international $),1966,12659.0
ITA,Italy,gdppc,GDP per capita (2011 international $),1967,13476.0
ITA,Italy,gdppc,GDP per capita (2011 international $),1968,14513.0
ITA,Italy,gdppc,GDP per capita (2011 international $),1969,15248.0
ITA,Italy,gdppc,GDP per capita (2011 international $),1970,15492.0
ITA,Italy,gdppc,GDP per capita (2011 international $),1971,15683.0
ITA,Italy,gdppc,GDP per capita (2011 international $),1972,16035.0
ITA,Italy,gdppc,GDP per capita (2011 international $),1973,16950.0
ITA,Italy,gdppc,GDP per capita (2011 international $),1974,17607.0
ITA,Italy,gdppc,GDP per capita (2011 international $),1975,17123.0
ITA,Italy,gdppc,GDP per capita (2011 international $),1976,18147.0
ITA,Italy,gdppc,GDP per capita (2011 international $),1977,18599.0
ITA,Italy,gdppc,GDP per capita (2011 international $),1978,19230.0
ITA,Italy,gdppc,GDP per capita (2011 international $),1979,20275.0
ITA,Italy,gdppc,GDP per capita (2011 international $),1980,20959.0
ITA,Italy,gdppc,GDP per capita (2011 international $),1981,21041.0
ITA,Italy,gdppc,GDP per capita (2011 international $),1982,21123.0
ITA,Italy,gdppc,GDP per capita (2011 international $),1983,21345.0
ITA,Italy,gdppc,GDP per capita (2011 international $),1984,21868.0
ITA,Italy,gdppc,GDP per capita (2011 international $),1985,22469.0
ITA,Italy,gdppc,GDP per capita (2011 international $),1986,23106.0
ITA,Italy,gdppc,GDP per capita (2011 international $),1987,23824.0
ITA,Italy,gdppc,GDP per capita (2011 international $),1988,24743.0
ITA,Italy,gdppc,GDP per capita (2011 international $),1989,25454.0
ITA,Italy,gdppc,GDP per capita (2011 international $),1990,26003.0
ITA,Italy,gdppc,GDP per capita (2011 international $),1991,26570.363
ITA,Italy,gdppc,GDP per capita (2011 international $),1992,26960.611
ITA,Italy,gdppc,GDP per capita (2011 international $),1993,26902.398
ITA,Italy,gdppc,GDP per capita (2011 international $),1994,27668.258
ITA,Italy,gdppc,GDP per capita (2011 international $),1995,28666.352
ITA,Italy,gdppc,GDP per capita (2011 international $),1996,29231.275
ITA,Italy,gdppc,GDP per capita (2011 international $),1997,29960.7
ITA,Italy,gdppc,GDP per capita (2011 international $),1998,30649.629
ITA,Italy,gdppc,GDP per capita (2011 international $),1999,31340.48
ITA,Italy,gdppc,GDP per capita (2011 international $),2000,32716.98
ITA,Italy,gdppc,GDP per capita (2011 international $),2001,33511.434
ITA,Italy,gdppc,GDP per capita (2011 international $),2002,33780.055
ITA,Italy,gdppc,GDP per capita (2011 international $),2003,33917.8
ITA,Italy,gdppc,GDP per capita (2011 international $),2004,34472.13
ITA,Italy,gdppc,GDP per capita (2011 international $),2005,34872.125
ITA,Italy,gdppc,GDP per capita (2011 international $),2006,35713.805
ITA,Italy,gdppc,GDP per capita (2011 international $),2007,36310.734
ITA,Italy,gdppc,GDP per capita (2011 international $),2008,35942.938
ITA,Italy,gdppc,GDP per capita (2011 international $),2009,34055.227
ITA,Italy,gdppc,GDP per capita (2011 international $),2010,34765.938
ITA,Italy,gdppc,GDP per capita (2011 international $),2011,35151.0
ITA,Italy,gdppc,GDP per capita (2011 international $),2012,34010.035
ITA,Italy,gdppc,GDP per capita (2011 international $),2013,33317.242
ITA,Italy,gdppc,GDP per capita (2011 international $),2014,33310.703
ITA,Italy,gdppc,GDP per capita (2011 international $),2015,33620.742
ITA,Italy,gdppc,GDP per capita (2011 international $),2016,34120.42
ITA,Italy,gdppc,GDP per capita (2011 international $),2017,34754.77
ITA,Italy,gdppc,GDP per capita (2011 international $),2018,35149.824
ITA,Italy,gdppc,GDP per capita (2011 international $),2019,35407.242
ITA,Italy,gdppc,GDP per capita (2011 international $),2020,32385.326
ITA,Italy,gdppc,GDP per capita (2011 international $),2021,34827.137
ITA,Italy,gdppc,GDP per capita (2011 international $),2022,36224.293
ITA,Italy,pop,Population (thousands),1900,33672.0
ITA,Italy,pop,Population (thousands),1901,33877.0
ITA,Italy,pop,Population (thousands),1902,34166.0
ITA,Italy,pop,Population (thousands),1903,34436.0
ITA,Italy,pop,Population (thousands),1904,34715.0
ITA,Italy,pop,Population (thousands),1905,35011.0
ITA,Italy,pop,Population (thousands),1906,35297.0
ITA,Italy,pop,Population (thousands),1907,35594.0
ITA,Italy,pop,Population (thousands),1908,35899.0
ITA,Italy,pop,Population (thousands),1909,36213.0
ITA,Italy,pop,Population (thousands),1910,36572.0
ITA,Italy,pop,Population (thousands),1911,36917.0
ITA,Italy,pop,Population (thousands),1912,37150.0
ITA,Italy,pop,Population (thousands),1913,37248.0
ITA,Italy,pop,Population (thousands),1914,37526.0
ITA,Italy,pop,Population (thousands),1915,37982.0
ITA,Italy,pop,Population (thousands),1916,38142.0
ITA,Italy,pop,Population (thousands),1917,37981.0
ITA,Italy,pop,Population (thousands),1918,37520.0
ITA,Italy,pop,Population (thousands),1919,37250.0
ITA,Italy,pop,Population (thousands),1920,37398.0
ITA,Italy,pop,Population (thousands),1921,37691.0
ITA,Italy,pop,Population (thousands),1922,38086.0
ITA,Italy,pop,Population (thousands),1923,38460.0
ITA,Italy,pop,Population (thousands),1924,38810.0
ITA,Italy,pop,Population (thousands),1925,39165.0
ITA,Italy,pop,Population (thousands),1926,39502.0
ITA,Italy,pop,Population (thousands),1927,39848.0
ITA,Italy,pop,Population (thousands),1928,40186.0
ITA,Italy,pop,Population (thousands),1929,40469.0
ITA,Italy,pop,Population (thousands),1930,40791.0
ITA,Italy,pop,Population (thousands),1931,41132.0
ITA,Italy,pop,Population (thousands),1932,41431.0
ITA,Italy,pop,Population (thousands),1933,41753.0
ITA,Italy,pop,Population (thousands),1934,42093.0
ITA,Italy,pop,Population (thousands),1935,42429.0
ITA,Italy,pop,Population (thousands),1936,42750.0
ITA,Italy,pop,Population (thousands),1937,43068.0
ITA,Italy,pop,Population (thousands),1938,43419.0
ITA,Italy,pop,Population (thousands),1939,43865.0
ITA,Italy,pop,Population (thousands),1940,44341.0
ITA,Italy,pop,Population (thousands),1941,44734.0
ITA,Italy,pop,Population (thousands),1942,45004.0
ITA,Italy,pop,Population (thousands),1943,45177.0
ITA,Italy,pop,Population (thousands),1944,45290.0
ITA,Italy,pop,Population (thousands),1945,45442.0
ITA,Italy,pop,Population (thousands),1946,45725.0
ITA,Italy,pop,Population (thousands),1947,46040.0
ITA,Italy,pop,Population (thousands),1948,46381.0
ITA,Italy,pop,Population (thousands),1949,46733.0
ITA,Italy,pop,Population (thousands),1950,47105.0
ITA,Italy,pop,Population (thousands),1951,47418.0
ITA,Italy,pop,Population (thousands),1952,47666.0
ITA,Italy,pop,Population (thousands),1953,47957.0
ITA,Italy,pop,Population (thousands),1954,48299.0
ITA,Italy,pop,Population (thousands),1955,48633.0
ITA,Italy,pop,Population (thousands),1956,48921.0
ITA,Italy,pop,Population (thousands),1957,49182.0
ITA,Italy,pop,Population (thousands),1958,49476.0
ITA,Italy,pop,Population (thousands),1959,49832.0
ITA,Italy,pop,Population (thousands),1960,50197.60156246024
ITA,Italy,pop,Population (thousands),1961,50523.199218743845
ITA,Italy,pop,Population (thousands),1962,50843.19921870979
ITA,Italy,pop,Population (thousands),1963,51198.30078118521
ITA,Italy,pop,Population (thousands),1964,51600.199218702866
ITA,Italy,pop,Population (thousands),1965,51987.101562463875
ITA,Italy,pop,Population (thousands),1966,52331.60156244569
ITA,Italy,pop,Population (thousands),1967,52667.101562481446
ITA,Italy,pop,Population (thousands),1968,52986.60156246124
ITA,Italy,pop,Population (thousands),1969,53317.0
ITA,Italy,pop,Population (thousands),1970,53661.10156248386
ITA,Italy,pop,Population (thousands),1971,54005.5
ITA,Italy,pop,Population (thousands),1972,54365.56249996882
ITA,Italy,pop,Population (thousands),1973,54796.8437499705
ITA,Italy,pop,Population (thousands),1974,55226.25781246095
ITA,Italy,pop,Population (thousands),1975,55571.89453121532
ITA,Italy,pop,Population (thousands),1976,55838.53515622417
ITA,Italy,pop,Population (thousands),1977,56059.24609371471
ITA,Italy,pop,Population (thousands),1978,56240.14453120125
ITA,Italy,pop,Population (thousands),1979,56367.710937459924
ITA,Italy,pop,Population (thousands),1980,56451.246093706766
ITA,Italy,pop,Population (thousands),1981,56502.48828121287
ITA,Italy,pop,Population (thousands),1982,56535.6367187426
ITA,Italy,pop,Population (thousands),1983,56630.12890620754
ITA,Italy,pop,Population (thousands),1984,56696.96484374429
ITA,Italy,pop,Population (thousands),1985,56731.214843740265
ITA,Italy,pop,Population (thousands),1986,56733.83203124729
ITA,Italy,pop,Population (thousands),1987,56729.703125
ITA,Italy,pop,Population (thousands),1988,56734.02734373358
ITA,Italy,pop,Population (thousands),1989,56737.52734371808
ITA,Italy,pop,Population (thousands),1990,56742.88671872477
ITA,Italy,pop,Population (thousands),1991,56799.21153869821
ITA,Italy,pop,Population (thousands),1992,56820.821004019526
ITA,Italy,pop,Population (thousands),1993,56855.53217460391
ITA,Italy,pop,Population (thousands),1994,56867.140239620436
ITA,Italy,pop,Population (thousands),1995,56868.038194570414
ITA,Italy,pop,Population (thousands),1996,56884.0398226557
ITA,Italy,pop,Population (thousands),1997,56914.15867216053
ITA,Italy,pop,Population (thousands),1998,56930.46076335867
ITA,Italy,pop,Population (thousands),1999,56940.071164130226
ITA,Italy,pop,Population (thousands),2000,56965.879722394915
ITA,Italy,pop,Population (thousands),2001,57003.58915270531
ITA,Italy,pop,Population (thousands),2002,57113.64009661914
ITA,Italy,pop,Population (thousands),2003,57423.17319764253
ITA,Italy,pop,Population (thousands),2004,57852.34972692434
ITA,Italy,pop,Population (thousands),2005,58190.98828124182
ITA,Italy,pop,Population (thousands),2006,58424.2885512759
ITA,Italy,pop,Population (thousands),2007,58780.73888828576
ITA,Italy,pop,Population (thousands),2008,59235.928863466856
ITA,Italy,pop,Population (thousands),2009,59580.370328319936
ITA,Italy,pop,Population (thousands),2010,59844.378045574376
ITA,Italy,pop,Population (thousands),2011,60051.871093738446
ITA,Italy,pop,Population (thousands),2012,60216.34012037917
ITA,Italy,pop,Population (thousands),2013,60336.78940204595
ITA,Italy,pop,Population (thousands),2014,60345.890851447955
ITA,Italy,pop,Population (thousands),2015,60254.75033602768
ITA,Italy,pop,Population (thousands),2016,60140.30408608687
ITA,Italy,pop,Population (thousands),2017,60027.35856537103
ITA,Italy,pop,Population (thousands),2018,59902.19959152569
ITA,Italy,pop,Population (thousands),2019,59754.039378921414
ITA,Italy,pop,Population (thousands),2020,59463.71906557309
ITA,Italy,pop,Population (thousands),2021,59157.89014724351
ITA,Italy,pop,Population (thousands),2022,58966.21088662794
LTU,Lithuania,gdp,GDP (2011 international $),1973,39280904060.0
LTU,Lithuania,gdp,GDP (2011 international $),1980,43744970921.0
LTU,Lithuania,gdp,GDP (2011 international $),1981,45668278640.0
LTU,Lithuania,gdp,GDP (2011 international $),1982,47679414649.0
LTU,Lithuania,gdp,GDP (2011 international $),1983,48333725232.0
LTU,Lithuania,gdp,GDP (2011 international $),1984,49045524364.0
LTU,Lithuania,gdp,GDP (2011 international $),1985,47660893950.0
LTU,Lithuania,gdp,GDP (2011 international $),1986,49468977771.0
LTU,Lithuania,gdp,GDP (2011 international $),1987,50529333248.0
LTU,Lithuania,gdp,GDP (2011 international $),1988,54561830724.0
LTU,Lithuania,gdp,GDP (2011 international $),1989,54088606250.0
LTU,Lithuania,gdp,GDP (2011 international $),1990,51021989460.0
LTU,Lithuania,gdp,GDP (2011 international $),1991,47786759590.0
LTU,Lithuania,gdp,GDP (2011 international $),1992,37159351315.0
LTU,Lithuania,gdp,GDP (2011 international $),1993,30736278642.0
LTU,Lithuania,gdp,GDP (2011 international $),1994,27661451474.0
LTU,Lithuania,gdp,GDP (2011 international $),1995,29216540607.0
LTU,Lithuania,gdp,GDP (2011 international $),1996,30721763295.0
LTU,Lithuania,gdp,GDP (2011 international $),1997,33267370320.0
LTU,Lithuania,gdp,GDP (2011 international $),1998,35744382405.0
LTU,Lithuania,gdp,GDP (2011 international $),1999,35335381903.0
LTU,Lithuania,gdp,GDP (2011 international $),2000,36684799266.0
LTU,Lithuania,gdp,GDP (2011 international $),2001,39077069410.0
LTU,Lithuania,gdp,GDP (2011 international $),2002,41716677051.0
LTU,Lithuania,gdp,GDP (2011 international $),2003,46106059871.0
LTU,Lithuania,gdp,GDP (2011 international $),2004,49123583277.0
LTU,Lithuania,gdp,GDP (2011 international $),2005,52913078254.0
LTU,Lithuania,gdp,GDP (2011 international $),2006,56827410871.0
LTU,Lithuania,gdp,GDP (2011 international $),2007,63122228308.0
LTU,Lithuania,gdp,GDP (2011 international $),2008,64776249050.0
LTU,Lithuania,gdp,GDP (2011 international $),2009,55174536683.0
LTU,Lithuania,gdp,GDP (2011 international $),2010,56073777524.0
LTU,Lithuania,gdp,GDP (2011 international $),2011,59460372771.0
LTU,Lithuania,gdp,GDP (2011 international $),2012,61745948022.0
LTU,Lithuania,gdp,GDP (2011 international $),2013,63937849304.0
LTU,Lithuania,gdp,GDP (2011 international $),2014,66199372603.0
LTU,Lithuania,gdp,GDP (2011 international $),2015,67539660018.0
LTU,Lithuania,gdp,GDP (2011 international $),2016,69240911932.0
LTU,Lithuania,gdp,GDP (2011 international $),2017,72206131673.0
LTU,Lithuania,gdp,GDP (2011 international $),2018,75089601435.0
LTU,Lithuania,gdp,GDP (2011 international $),2019,78562641002.0
LTU,Lithuania,gdp,GDP (2011 international $),2020,78545278418.0
LTU,Lithuania,gdp,GDP (2011 international $),2021,83242845981.0
LTU,Lithuania,gdp,GDP (2011 international $),2022,84814257826.0
LTU,Lithuania,gdppc,GDP per capita (2011 international $),1973,12103.0
LTU,Lithuania,gdppc,GDP per capita (2011 international $),1980,12734.0
LTU,Lithuania,gdppc,GDP per capita (2011 international $),1981,13190.0
LTU,Lithuania,gdppc,GDP per capita (2011 international $),1982,13654.0
LTU,Lithuania,gdppc,GDP per capita (2011 international $),1983,13718.0
LTU,Lithuania,gdppc,GDP per capita (2011 international $),1984,13796.0
LTU,Lithuania,gdppc,GDP per capita (2011 international $),1985,13287.0
LTU,Lithuania,gdppc,GDP per capita (2011 international $),1986,13667.0
LTU,Lithuania,gdppc,GDP per capita (2011 international $),1987,13831.0
LTU,Lithuania,gdppc,GDP per capita (2011 international $),1988,14851.0
LTU,Lithuania,gdppc,GDP per capita (2011 international $),1989,14693.0
LTU,Lithuania,gdppc,GDP per capita (2011 international $),1990,13809.0
LTU,Lithuania,gdppc,GDP per capita (2011 international $),1991,12999.309
LTU,Lithuania,gdppc,GDP per capita (2011 international $),1992,10240.939
LTU,Lithuania,gdppc,GDP per capita (2011 international $),1993,8621.097
LTU,Lithuania,gdppc,GDP per capita (2011 international $),1994,7830.0054
LTU,Lithuania,gdppc,GDP per capita (2011 international $),1995,8299.47
LTU,Lithuania,gdppc,GDP per capita (2011 international $),1996,8793.701
LTU,Lithuania,gdppc,GDP per capita (2011 international $),1997,9592.64
LTU,Lithuania,gdppc,GDP per capita (2011 international $),1998,10382.117
LTU,Lithuania,gdppc,GDP per capita (2011 international $),1999,10336.3955
LTU,Lithuania,gdppc,GDP per capita (2011 international $),2000,10806.874
LTU,Lithuania,gdppc,GDP per capita (2011 international $),2001,11606.729
LTU,Lithuania,gdppc,GDP per capita (2011 international $),2002,12490.621
LTU,Lithuania,gdppc,GDP per capita (2011 international $),2003,13917.508
LTU,Lithuania,gdppc,GDP per capita (2011 international $),2004,14995.767
LTU,Lithuania,gdppc,GDP per capita (2011 international $),2005,16417.95
LTU,Lithuania,gdppc,GDP per capita (2011 international $),2006,17916.059
LTU,Lithuania,gdppc,GDP per capita (2011 international $),2007,20138.473
LTU,Lithuania,gdppc,GDP per capita (2011 international $),2008,20879.803
LTU,Lithuania,gdppc,GDP per capita (2011 international $),2009,17983.35
LTU,Lithuania,gdppc,GDP per capita (2011 international $),2010,18663.762
LTU,Lithuania,gdppc,GDP per capita (2011 international $),2011,20243.0
LTU,Lithuania,gdppc,GDP per capita (2011 international $),2012,21305.004
LTU,Lithuania,gdppc,GDP per capita (2011 international $),2013,22285.684
LTU,Lithuania,gdppc,GDP per capita (2011 international $),2014,23273.172
LTU,Lithuania,gdppc,GDP per capita (2011 international $),2015,23968.848
LTU,Lithuania,gdppc,GDP per capita (2011 international $),2016,24886.84
LTU,Lithuania,gdppc,GDP per capita (2011 international $),2017,26318.023
LTU,Lithuania,gdppc,GDP per capita (2011 international $),2018,27631.46
LTU,Lithuania,gdppc,GDP per capita (2011 international $),2019,28986.053
LTU,Lithuania,gdppc,GDP per capita (2011 international $),2020,28971.844
LTU,Lithuania,gdppc,GDP per capita (2011 international $),2021,30557.03
LTU,Lithuania,gdppc,GDP per capita (2011 international $),2022,30863.32
LTU,Lithuania,pop,Population (thousands),1973,3245.551025365612
LTU,Lithuania,pop,Population (thousands),1980,3435.2890624312863
LTU,Lithuania,pop,Population (thousands),1981,3462.34106444276
LTU,Lithuania,pop,Population (thousands),1982,3491.9741210634247
LTU,Lithuania,pop,Population (thousands),1983,3523.379882781747
LTU,Lithuania,pop,Population (thousands),1984,3555.0539550594376
LTU,Lithuania,pop,Population (thousands),1985,3587.0319823888008
LTU,Lithuania,pop,Population (thousands),1986,3619.593017560547
LTU,Lithuania,pop,Population (thousands),1987,3653.339111271781
LTU,Lithuania,pop,Population (thousands),1988,3673.949951114403
LTU,Lithuania,pop,Population (thousands),1989,3681.25
LTU,Lithuania,pop,Population (thousands),1990,3694.8359374321094
LTU,Lithuania,pop,Population (thousands),1991,3676.0999826990806
LTU,Lithuania,pop,Population (thousands),1992,3628.5101703076252
LTU,Lithuania,pop,Population (thousands),1993,3565.239857758241
LTU,Lithuania,pop,Population (thousands),1994,3532.7499868646323
LTU,Lithuania,pop,Population (thousands),1995,3520.289922970985
LTU,Lithuania,pop,Population (thousands),1996,3493.6101756245753
LTU,Lithuania,pop,Population (thousands),1997,3468.009882576642
LTU,Lithuania,pop,Population (thousands),1998,3442.879944909116
LTU,Lithuania,pop,Population (thousands),1999,3418.5400416421758
LTU,Lithuania,pop,Population (thousands),2000,3394.5800854160047
LTU,Lithuania,pop,Population (thousands),2001,3366.759869210352
LTU,Lithuania,pop,Population (thousands),2002,3339.8401129135214
LTU,Lithuania,pop,Population (thousands),2003,3312.810013904788
LTU,Lithuania,pop,Population (thousands),2004,3275.829991023467
LTU,Lithuania,pop,Population (thousands),2005,3222.87972944247
LTU,Lithuania,pop,Population (thousands),2006,3171.870045248232
LTU,Lithuania,pop,Population (thousands),2007,3134.409858582624
LTU,Lithuania,pop,Population (thousands),2008,3102.3400484190392
LTU,Lithuania,pop,Population (thousands),2009,3068.0900212140677
LTU,Lithuania,pop,Population (thousands),2010,3004.419876550076
LTU,Lithuania,pop,Population (thousands),2011,2937.330078101072
LTU,Lithuania,pop,Population (thousands),2012,2898.1899286195858
LTU,Lithuania,pop,Population (thousands),2013,2869.009957423788
LTU,Lithuania,pop,Population (thousands),2014,2844.449935874663
LTU,Lithuania,pop,Population (thousands),2015,2817.8100181535633
LTU,Lithuania,pop,Population (thousands),2016,2782.229962984453
LTU,Lithuania,pop,Population (thousands),2017,2743.6001432554413
LTU,Lithuania,pop,Population (thousands),2018,2717.5401312489457
LTU,Lithuania,pop,Population (thousands),2019,2710.3600825541857
LTU,Lithuania,pop,Population (thousands),2020,2711.0900644777735
LTU,Lithuania,pop,Population (thousands),2021,2724.1798689532325
LTU,Lithuania,pop,Population (thousands),2022,2748.0600864067765
LVA,Latvia,gdp,GDP (2011 international $),1973,30281465385.0
LVA,Latvia,gdp,GDP (2011 international $),1980,34684695847.0
LVA,Latvia,gdp,GDP (2011 international $),1981,35441555756.0
LVA,Latvia,gdp,GDP (2011 international $),1982,36216129565.0
LVA,Latvia,gdp,GDP (2011 international $),1983,36943817537.0
LVA,Latvia,gdp,GDP (2011 international $),1984,37996958648.0
LVA,Latvia,gdp,GDP (2011 international $),1985,37201218983.0
LVA,Latvia,gdp,GDP (2011 international $),1986,38189519598.0
LVA,Latvia,gdp,GDP (2011 international $),1987,38039138662.0
LVA,Latvia,gdp,GDP (2011 international $),1988,39628013214.0
LVA,Latvia,gdp,GDP (2011 international $),1989,41772727533.0
LVA,Latvia,gdp,GDP (2011 international $),1990,42100704929.0
LVA,Latvia,gdp,GDP (2011 international $),1991,36517762608.0
LVA,Latvia,gdp,GDP (2011 international $),1992,24594371373.0
LVA,Latvia,gdp,GDP (2011 international $),1993,21610169740.0
LVA,Latvia,gdp,GDP (2011 international $),1994,21908377653.0
LVA,Latvia,gdp,GDP (2011 international $),1995,21602325855.0
LVA,Latvia,gdp,GDP (2011 international $),1996,21944517346.0
LVA,Latvia,gdp,GDP (2011 international $),1997,23733281647.0
LVA,Latvia,gdp,GDP (2011 international $),1998,25089221158.0
LVA,Latvia,gdp,GDP (2011 international $),1999,25549229736.0
LVA,Latvia,gdp,GDP (2011 international $),2000,26727290777.0
LVA,Latvia,gdp,GDP (2011 international $),2001,28242589693.0
LVA,Latvia,gdp,GDP (2011 international $),2002,30014856985.0
LVA,Latvia,gdp,GDP (2011 international $),2003,32298352002.0
LVA,Latvia,gdp,GDP (2011 international $),2004,34720425840.0
LVA,Latvia,gdp,GDP (2011 international $),2005,38143684659.0
LVA,Latvia,gdp,GDP (2011 international $),2006,42361248688.0
LVA,Latvia,gdp,GDP (2011 international $),2007,46228816935.0
LVA,Latvia,gdp,GDP (2011 international $),2008,44217430207.0
LVA,Latvia,gdp,GDP (2011 international $),2009,37590730012.0
LVA,Latvia,gdp,GDP (2011 international $),2010,35881177042.0
LVA,Latvia,gdp,GDP (2011 international $),2011,37869724459.0
LVA,Latvia,gdp,GDP (2011 international $),2012,40536567235.0
LVA,Latvia,gdp,GDP (2011 international $),2013,41350512828.0
LVA,Latvia,gdp,GDP (2011 international $),2014,42137028688.0
LVA,Latvia,gdp,GDP (2011 international $),2015,43774190659.0
LVA,Latvia,gdp,GDP (2011 international $),2016,44810998817.0
LVA,Latvia,gdp,GDP (2011 international $),2017,46295495418.0
LVA,Latvia,gdp,GDP (2011 international $),2018,48143398790.0
LVA,Latvia,gdp,GDP (2011 international $),2019,49380620266.0
LVA,Latvia,gdp,GDP (2011 international $),2020,48292861660.0
LVA,Latvia,gdp,GDP (2011 international $),2021,50255494980.0
LVA,Latvia,gdp,GDP (2011 international $),2022,51248480035.0
LVA,Latvia,gdppc,GDP per capita (2011 international $),1973,12506.0
LVA,Latvia,gdppc,GDP per capita (2011 international $),1980,13739.0
LVA,Latvia,gdppc,GDP per capita (2011 international $),1981,13970.0
LVA,Latvia,gdppc,GDP per capita (2011 international $),1982,14190.0
LVA,Latvia,gdppc,GDP per capita (2011 international $),1983,14376.0
LVA,Latvia,gdppc,GDP per capita (2011 international $),1984,14682.0
LVA,Latvia,gdppc,GDP per capita (2011 international $),1985,14273.0
LVA,Latvia,gdppc,GDP per capita (2011 international $),1986,14539.0
LVA,Latvia,gdppc,GDP per capita (2011 international $),1987,14360.0
LVA,Latvia,gdppc,GDP per capita (2011 international $),1988,14875.0
LVA,Latvia,gdppc,GDP per capita (2011 international $),1989,15661.0
LVA,Latvia,gdppc,GDP per capita (2011 international $),1990,15806.0
LVA,Latvia,gdppc,GDP per capita (2011 international $),1991,13774.934
LVA,Latvia,gdppc,GDP per capita (2011 international $),1992,9411.195
LVA,Latvia,gdppc,GDP per capita (2011 international $),1993,8439.33
LVA,Latvia,gdppc,GDP per capita (2011 international $),1994,8704.267
LVA,Latvia,gdppc,GDP per capita (2011 international $),1995,8709.07
LVA,Latvia,gdppc,GDP per capita (2011 international $),1996,8947.269
LVA,Latvia,gdppc,GDP per capita (2011 international $),1997,9773.499
LVA,Latvia,gdppc,GDP per capita (2011 international $),1998,10429.767
LVA,Latvia,gdppc,GDP per capita (2011 international $),1999,10707.706
LVA,Latvia,gdppc,GDP per capita (2011 international $),2000,11309.74
LVA,Latvia,gdppc,GDP per capita (2011 international $),2001,12103.828
LVA,Latvia,gdppc,GDP per capita (2011 international $),2002,13015.475
LVA,Latvia,gdppc,GDP per capita (2011 international $),2003,14142.125
LVA,Latvia,gdppc,GDP per capita (2011 international $),2004,15371.182
LVA,Latvia,gdppc,GDP per capita (2011 international $),2005,17069.656
LVA,Latvia,gdppc,GDP per capita (2011 international $),2006,19128.69
LVA,Latvia,gdppc,GDP per capita (2011 international $),2007,21042.367
LVA,Latvia,gdppc,GDP per capita (2011 international $),2008,20342.2
LVA,Latvia,gdppc,GDP per capita (2011 international $),2009,17582.111
LVA,Latvia,gdppc,GDP per capita (2011 international $),2010,17140.227
LVA,Latvia,gdppc,GDP per capita (2011 international $),2011,18428.0
LVA,Latvia,gdppc,GDP per capita (2011 international $),2012,19970.031
LVA,Latvia,gdppc,GDP per capita (2011 international $),2013,20581.918
LVA,Latvia,gdppc,GDP per capita (2011 international $),2014,21168.535
LVA,Latvia,gdppc,GDP per capita (2011 international $),2015,22179.42
LVA,Latvia,gdppc,GDP per capita (2011 international $),2016,22913.023
LVA,Latvia,gdppc,GDP per capita (2011 international $),2017,23893.832
LVA,Latvia,gdppc,GDP per capita (2011 international $),2018,25039.865
LVA,Latvia,gdppc,GDP per capita (2011 international $),2019,25858.602
LVA,Latvia,gdppc,GDP per capita (2011 international $),2020,25453.064
LVA,Latvia,gdppc,GDP per capita (2011 international $),2021,26738.615
LVA,Latvia,gdppc,GDP per capita (2011 international $),2022,27220.303
LVA,Latvia,pop,Population (thousands),1973,2421.354980409403
LVA,Latvia,pop,Population (thousands),1980,2524.5429687022342
LVA,Latvia,pop,Population (thousands),1981,2536.976074158912
LVA,Latvia,pop,Population (thousands),1982,2552.229003875969
LVA,Latvia,pop,Population (thousands),1983,2569.825927726767
LVA,Latvia,pop,Population (thousands),1984,2587.9960937202013
LVA,Latvia,pop,Population (thousands),1985,2606.4050292860647
LVA,Latvia,pop,Population (thousands),1986,2626.6950682990578
LVA,Latvia,pop,Population (thousands),1987,2648.965087883008
LVA,Latvia,pop,Population (thousands),1988,2664.0681152268908
LVA,Latvia,pop,Population (thousands),1989,2667.3090819871018
LVA,Latvia,pop,Population (thousands),1990,2663.5900878780208
LVA,Latvia,pop,Population (thousands),1991,2651.0299510690943
LVA,Latvia,pop,Population (thousands),1992,2613.3101453109834
LVA,Latvia,pop,Population (thousands),1993,2560.6499260012347
LVA,Latvia,pop,Population (thousands),1994,2516.9698554743322
LVA,Latvia,pop,Population (thousands),1995,2480.44003033619
LVA,Latvia,pop,Population (thousands),1996,2452.6497801731457
LVA,Latvia,pop,Population (thousands),1997,2428.3300839341164
LVA,Latvia,pop,Population (thousands),1998,2405.539947153182
LVA,Latvia,pop,Population (thousands),1999,2386.0600707565186
LVA,Latvia,pop,Population (thousands),2000,2363.210009867601
LVA,Latvia,pop,Population (thousands),2001,2333.360131439409
LVA,Latvia,pop,Population (thousands),2002,2306.0900186124595
LVA,Latvia,pop,Population (thousands),2003,2283.8400878227285
LVA,Latvia,pop,Population (thousands),2004,2258.799995992501
LVA,Latvia,pop,Population (thousands),2005,2234.5901205624764
LVA,Latvia,pop,Population (thousands),2006,2214.539975711876
LVA,Latvia,pop,Population (thousands),2007,2196.9399609369043
LVA,Latvia,pop,Population (thousands),2008,2173.679848148184
LVA,Latvia,pop,Population (thousands),2009,2138.0100496464843
LVA,Latvia,pop,Population (thousands),2010,2093.3898391194
LVA,Latvia,pop,Population (thousands),2011,2055.0100097134796
LVA,Latvia,pop,Population (thousands),2012,2029.8700204821916
LVA,Latvia,pop,Population (thousands),2013,2009.069943238526
LVA,Latvia,pop,Population (thousands),2014,1990.550063478649
LVA,Latvia,pop,Population (thousands),2015,1973.6400076737807
LVA,Latvia,pop,Population (thousands),2016,1955.6999884738038
LVA,Latvia,pop,Population (thousands),2017,1937.550051327054
LVA,Latvia,pop,Population (thousands),2018,1922.6700619192634
LVA,Latvia,pop,Population (thousands),2019,1909.6399823161362
LVA,Latvia,pop,Population (thousands),2020,1897.3299898196933
LVA,Latvia,pop,Population (thousands),2021,1879.5100262298552
LVA,Latvia,pop,Population (thousands),2022,1882.729962080143
POL,Poland,gdp,GDP (2011 international $),1900,66825000000.0
POL,Poland,gdp,GDP (2011 international $),1910,71778936000.0
POL,Poland,gdp,GDP (2011 international $),1913,74040120000.0
POL,Poland,gdp,GDP (2011 international $),1920,71904000000.0
POL,Poland,gdp,GDP (2011 international $),1929,93986144000.0
POL,Poland,gdp,GDP (2011 international $),1930,89632312000.0
POL,Poland,gdp,GDP (2011 international $),1931,83155190000.0
POL,Poland,gdp,GDP (2011 international $),1932,76705146000.0
POL,Poland,gdp,GDP (2011 international $),1933,74552814000.0
POL,Poland,gdp,GDP (2011 international $),1934,75588569000.0
POL,Poland,gdp,GDP (2011 international $),1935,76708434000.0
POL,Poland,gdp,GDP (2011 international $),1936,78919890000.0
POL,Poland,gdp,GDP (2011 international $),1937,93974132000.0
POL,Poland,gdp,GDP (2011 international $),1938,108033636000.0
POL,Poland,gdp,GDP (2011 international $),1948,82478999238.0
POL,Poland,gdp,GDP (2011 international $),1949,88614730270.0
POL,Poland,gdp,GDP (2011 international $),1950,96813600000.0
POL,Poland,gdp,GDP (2011 international $),1951,101074324765.0
POL,Poland,gdp,GDP (2011 international $),1952,103385353039.0
POL,Poland,gdp,GDP (2011 international $),1953,109421333302.0
POL,Poland,gdp,GDP (2011 international $),1954,115623103265.0
POL,Poland,gdp,GDP (2011 international $),1955,121240855132.0
POL,Poland,gdp,GDP (2011 international $),1956,126650798291.0
POL,Poland,gdp,GDP (2011 international $),1957,133299067064.0
POL,Poland,gdp,GDP (2011 international $),1958,139818923685.0
POL,Poland,gdp,GDP (2011 international $),1959,143866768212.0
POL,Poland,gdp,GDP (2011 international $),1960,151647939208.0
POL,Poland,gdp,GDP (2011 international $),1961,163715041683.0
POL,Poland,gdp,GDP (2011 international $),1962,161505211523.0
POL,Poland,gdp,GDP (2011 international $),1963,171155959945.0
POL,Poland,gdp,GDP (2011 international $),1964,178821674253.0
POL,Poland,gdp,GDP (2011 international $),1965,188699589398.0
POL,Poland,gdp,GDP (2011 international $),1966,200606683406.0
POL,Poland,gdp,GDP (2011 international $),1967,207876378046.0
POL,Poland,gdp,GDP (2011 international $),1968,220431544812.0
POL,Poland,gdp,GDP (2011 international $),1969,218218530156.0
POL,Poland,gdp,GDP (2011 international $),1970,229568508000.0
POL,Poland,gdp,GDP (2011 international $),1971,245931897878.0
POL,Poland,gdp,GDP (2011 international $),1972,263853821343.0
POL,Poland,gdp,GDP (2011 international $),1973,283714602500.0
POL,Poland,gdp,GDP (2011 international $),1974,300363727500.0
POL,Poland,gdp,GDP (2011 international $),1975,314487208007.0
POL,Poland,gdp,GDP (2011 international $),1976,322311740773.0
POL,Poland,gdp,GDP (2011 international $),1977,328313350792.0
POL,Poland,gdp,GDP (2011 international $),1978,340244073914.0
POL,Poland,gdp,GDP (2011 international $),1979,333915680355.0
POL,Poland,gdp,GDP (2011 international $),1980,325503264953.0
POL,Poland,gdp,GDP (2011 international $),1981,308182432687.0
POL,Poland,gdp,GDP (2011 international $),1982,305360609726.0
POL,Poland,gdp,GDP (2011 international $),1983,320511907078.0
POL,Poland,gdp,GDP (2011 international $),1984,332358620109.0
POL,Poland,gdp,GDP (2011 international $),1985,335851104164.0
POL,Poland,gdp,GDP (2011 international $),1986,346539486562.0
POL,Poland,gdp,GDP (2011 international $),1987,341893100382.0
POL,Poland,gdp,GDP (2011 international $),1988,349435198078.0
POL,Poland,gdp,GDP (2011 international $),1989,344009615625.0
POL,Poland,gdp,GDP (2011 international $),1990,310673160937.0
POL,Poland,gdp,GDP (2011 international $),1991,291288814472.0
POL,Poland,gdp,GDP (2011 international $),1992,301270050123.0
POL,Poland,gdp,GDP (2011 international $),1993,315272045792.0
POL,Poland,gdp,GDP (2011 international $),1994,334402893305.0
POL,Poland,gdp,GDP (2011 international $),1995,360934041475.0
POL,Poland,gdp,GDP (2011 international $),1996,386314591617.0
POL,Poland,gdp,GDP (2011 international $),1997,414942244343.0
POL,Poland,gdp,GDP (2011 international $),1998,437955026714.0
POL,Poland,gdp,GDP (2011 international $),1999,462542429541.0
POL,Poland,gdp,GDP (2011 international $),2000,488207682001.0
POL,Poland,gdp,GDP (2011 international $),2001,499086644170.0
POL,Poland,gdp,GDP (2011 international $),2002,514089670231.0
POL,Poland,gdp,GDP (2011 international $),2003,537330337680.0
POL,Poland,gdp,GDP (2011 international $),2004,570430122148.0
POL,Poland,gdp,GDP (2011 international $),2005,595958527688.0
POL,Poland,gdp,GDP (2011 international $),2006,638713864539.0
POL,Poland,gdp,GDP (2011 international $),2007,690249985288.0
POL,Poland,gdp,GDP (2011 international $),2008,726319216200.0
POL,Poland,gdp,GDP (2011 international $),2009,760579624624.0
POL,Poland,gdp,GDP (2011 international $),2010,795619859853.0
POL,Poland,gdp,GDP (2011 international $),2011,843236863910.0
POL,Poland,gdp,GDP (2011 international $),2012,856266755052.0
POL,Poland,gdp,GDP (2011 international $),2013,863601156195.0
POL,Poland,gdp,GDP (2011 international $),2014,896737189458.0
POL,Poland,gdp,GDP (2011 international $),2015,936043804062.0
POL,Poland,gdp,GDP (2011 international $),2016,963689941627.0
POL,Poland,gdp,GDP (2011 international $),2017,1013223736654.0
POL,Poland,gdp,GDP (2011 international $),2018,1073462064151.0
POL,Poland,gdp,GDP (2011 international $),2019,1121231497071.0
POL,Poland,gdp,GDP (2011 international $),2020,1098581305284.0
POL,Poland,gdp,GDP (2011 international $),2021,1173809548862.0
POL,Poland,gdp,GDP (2011 international $),2022,1231021338216.0
POL,Poland,gdppc,GDP per capita (2011 international $),1900,2700.0
POL,Poland,gdppc,GDP per capita (2011 international $),1910,2694.0
POL,Poland,gdppc,GDP per capita (2011 international $),1913,2772.0
POL,Poland,gdppc,GDP per capita (2011 international $),1920,3000.0
POL,Poland,gdppc,GDP per capita (2011 international $),1929,3374.0
POL,Poland,gdppc,GDP per capita (2011 international $),1930,3178.0
POL,Poland,gdppc,GDP per capita (2011 international $),1931,2906.0
POL,Poland,gdppc,GDP per capita (2011 international $),1932,2643.0
POL,Poland,gdppc,GDP per capita (2011 international $),1933,2534.0
POL,Poland,gdppc,GDP per capita (2011 international $),1934,2539.0
POL,Poland,gdppc,GDP per capita (2011 international $),1935,2546.0
POL,Poland,gdppc,GDP per capita (2011 international $),1936,2590.0
POL,Poland,gdppc,GDP per capita (2011 international $),1937,3052.0
POL,Poland,gdppc,GDP per capita (2011 international $),1938,3478.0
POL,Poland,gdppc,GDP per capita (2011 international $),1948,3439.4912
POL,Poland,gdppc,GDP per capita (2011 international $),1949,3630.2634
POL,Poland,gdppc,GDP per capita (2011 international $),1950,3900.0
POL,Poland,gdppc,GDP per capita (2011 international $),1951,4001.0
POL,Poland,gdppc,GDP per capita (2011 international $),1952,4018.0
POL,Poland,gdppc,GDP per capita (2011 international $),1953,4173.0
POL,Poland,gdppc,GDP per capita (2011 international $),1954,4328.0
POL,Poland,gdppc,GDP per capita (2011 international $),1955,4454.0
POL,Poland,gdppc,GDP per capita (2011 international $),1956,4565.0
POL,Poland,gdppc,GDP per capita (2011 international $),1957,4721.0
POL,Poland,gdppc,GDP per capita (2011 international $),1958,4873.0
POL,Poland,gdppc,GDP per capita (2011 international $),1959,4935.0
POL,Poland,gdppc,GDP per capita (2011 international $),1960,5125.0
POL,Poland,gdppc,GDP per capita (2011 international $),1961,5461.0
POL,Poland,gdppc,GDP per capita (2011 international $),1962,5325.0
POL,Poland,gdppc,GDP per capita (2011 international $),1963,5582.0
POL,Poland,gdppc,GDP per capita (2011 international $),1964,5773.0
POL,Poland,gdppc,GDP per capita (2011 international $),1965,6036.0
POL,Poland,gdppc,GDP per capita (2011 international $),1966,6362.0
POL,Poland,gdppc,GDP per capita (2011 international $),1967,6540.0
POL,Poland,gdppc,GDP per capita (2011 international $),1968,6881.0
POL,Poland,gdppc,GDP per capita (2011 international $),1969,6760.0
POL,Poland,gdppc,GDP per capita (2011 international $),1970,7058.0
POL,Poland,gdppc,GDP per capita (2011 international $),1971,7503.0
POL,Poland,gdppc,GDP per capita (2011 international $),1972,7986.0
POL,Poland,gdppc,GDP per capita (2011 international $),1973,8512.0
POL,Poland,gdppc,GDP per capita (2011 international $),1974,8928.0
POL,Poland,gdppc,GDP per capita (2011 international $),1975,9258.0
POL,Poland,gdppc,GDP per capita (2011 international $),1976,9397.0
POL,Poland,gdppc,GDP per capita (2011 international $),1977,9483.0
POL,Poland,gdppc,GDP per capita (2011 international $),1978,9741.0
POL,Poland,gdppc,GDP per capita (2011 international $),1979,9471.0
POL,Poland,gdppc,GDP per capita (2011 international $),1980,9149.0
POL,Poland,gdppc,GDP per capita (2011 international $),1981,8584.0
POL,Poland,gdppc,GDP per capita (2011 international $),1982,8429.0
POL,Poland,gdppc,GDP per capita (2011 international $),1983,8764.0
POL,Poland,gdppc,GDP per capita (2011 international $),1984,9006.0
POL,Poland,gdppc,GDP per capita (2011 international $),1985,9022.0
POL,Poland,gdppc,GDP per capita (2011 international $),1986,9240.0
POL,Poland,gdppc,GDP per capita (2011 international $),1987,9059.0
POL,Poland,gdppc,GDP per capita (2011 international $),1988,9228.0
POL,Poland,gdppc,GDP per capita (2011 international $),1989,9060.0
POL,Poland,gdppc,GDP per capita (2011 international $),1990,8150.0
POL,Poland,gdppc,GDP per capita (2011 international $),1991,7625.843
POL,Poland,gdppc,GDP per capita (2011 international $),1992,7873.925
POL,Poland,gdppc,GDP per capita (2011 international $),1993,8229.529
POL,Poland,gdppc,GDP per capita (2011 international $),1994,8721.827
POL,Poland,gdppc,GDP per capita (2011 international $),1995,9408.274
POL,Poland,gdppc,GDP per capita (2011 international $),1996,10066.171
POL,Poland,gdppc,GDP per capita (2011 international $),1997,10811.274
POL,Poland,gdppc,GDP per capita (2011 international $),1998,11413.256
POL,Poland,gdppc,GDP per capita (2011 international $),1999,12058.42
POL,Poland,gdppc,GDP per capita (2011 international $),2000,12732.167
POL,Poland,gdppc,GDP per capita (2011 international $),2001,13017.584
POL,Poland,gdppc,GDP per capita (2011 international $),2002,13415.571
POL,Poland,gdppc,GDP per capita (2011 international $),2003,14035.637
POL,Poland,gdppc,GDP per capita (2011 international $),2004,14906.094
POL,Poland,gdppc,GDP per capita (2011 international $),2005,15580.937
POL,Poland,gdppc,GDP per capita (2011 international $),2006,16711.447
POL,Poland,gdppc,GDP per capita (2011 international $),2007,18067.428
POL,Poland,gdppc,GDP per capita (2011 international $),2008,19011.547
POL,Poland,gdppc,GDP per capita (2011 international $),2009,19718.465
POL,Poland,gdppc,GDP per capita (2011 international $),2010,20608.693
POL,Poland,gdppc,GDP per capita (2011 international $),2011,21837.0
POL,Poland,gdppc,GDP per capita (2011 international $),2012,22169.826
POL,Poland,gdppc,GDP per capita (2011 international $),2013,22378.305
POL,Poland,gdppc,GDP per capita (2011 international $),2014,23247.818
POL,Poland,gdppc,GDP per capita (2011 international $),2015,24285.14
POL,Poland,gdppc,GDP per capita (2011 international $),2016,25020.621
POL,Poland,gdppc,GDP per capita (2011 international $),2017,26310.113
POL,Poland,gdppc,GDP per capita (2011 international $),2018,27880.836
POL,Poland,gdppc,GDP per capita (2011 international $),2019,29142.023
POL,Poland,gdppc,GDP per capita (2011 international $),2020,28577.14
POL,Poland,gdppc,GDP per capita (2011 international $),2021,30687.662
POL,Poland,gdppc,GDP per capita (2011 international $),2022,32468.402
POL,Poland,pop,Population (thousands),1900,24750.0
POL,Poland,pop,Population (thousands),1910,26644.0
POL,Poland,pop,Population (thousands),1913,26710.0
POL,Poland,pop,Population (thousands),1920,23968.0
POL,Poland,pop,Population (thousands),1929,27856.0
POL,Poland,pop,Population (thousands),1930,28204.0
POL,Poland,pop,Population (thousands),1931,28615.0
POL,Poland,pop,Population (thousands),1932,29022.0
POL,Poland,pop,Population (thousands),1933,29421.0
POL,Poland,pop,Population (thousands),1934,29771.0
POL,Poland,pop,Population (thousands),1935,30129.0
POL,Poland,pop,Population (thousands),1936,30471.0
POL,Poland,pop,Population (thousands),1937,30791.0
POL,Poland,pop,Population (thousands),1938,31062.0
POL,Poland,pop,Population (thousands),1948,23980.00007617406
POL,Poland,pop,Population (thousands),1949,24410.000186212383
POL,Poland,pop,Population (thousands),1950,24824.0
POL,Poland,pop,Population (thousands),1951,25262.26562484379
POL,Poland,pop,Population (thousands),1952,25730.550781234444
POL,Poland,pop,Population (thousands),1953,26221.263671699016
POL,Poland,pop,Population (thousands),1954,26715.134765480594
POL,Poland,pop,Population (thousands),1955,27220.66796856758
POL,Poland,pop,Population (thousands),1956,27743.876953121577
POL,Poland,pop,Population (thousands),1957,28235.34570302902
POL,Poland,pop,Population (thousands),1958,28692.576171762776
POL,Poland,pop,Population (thousands),1959,29152.333984194527
POL,Poland,pop,Population (thousands),1960,29589.84179668293
POL,Poland,pop,Population (thousands),1961,29978.949218641275
POL,Poland,pop,Population (thousands),1962,30329.61718741784
POL,Poland,pop,Population (thousands),1963,30662.121093694015
POL,Poland,pop,Population (thousands),1964,30975.51953109302
POL,Poland,pop,Population (thousands),1965,31262.357421802517
POL,Poland,pop,Population (thousands),1966,31532.015624960706
POL,Poland,pop,Population (thousands),1967,31785.378906116206
POL,Poland,pop,Population (thousands),1968,32034.812499927335
POL,Poland,pop,Population (thousands),1969,32280.84765621302
POL,Poland,pop,Population (thousands),1970,32526.0
POL,Poland,pop,Population (thousands),1971,32777.80859362921
POL,Poland,pop,Population (thousands),1972,33039.54687490608
POL,Poland,pop,Population (thousands),1973,33331.1328125
POL,Poland,pop,Population (thousands),1974,33642.890625
POL,Poland,pop,Population (thousands),1975,33969.23828116224
POL,Poland,pop,Population (thousands),1976,34299.42968745344
POL,Poland,pop,Population (thousands),1977,34621.253906147846
POL,Poland,pop,Population (thousands),1978,34929.07031249358
POL,Poland,pop,Population (thousands),1979,35256.64453120051
POL,Poland,pop,Population (thousands),1980,35578.015624986336
POL,Poland,pop,Population (thousands),1981,35901.96093744175
POL,Poland,pop,Population (thousands),1982,36227.382812433265
POL,Poland,pop,Population (thousands),1983,36571.41796873574
POL,Poland,pop,Population (thousands),1984,36904.13281245836
POL,Poland,pop,Population (thousands),1985,37225.79296874307
POL,Poland,pop,Population (thousands),1986,37504.27343744589
POL,Poland,pop,Population (thousands),1987,37740.71093741031
POL,Poland,pop,Population (thousands),1988,37866.83984373645
POL,Poland,pop,Population (thousands),1989,37970.15625
POL,Poland,pop,Population (thousands),1990,38119.40624993865
POL,Poland,pop,Population (thousands),1991,38197.588708815536
POL,Poland,pop,Population (thousands),1992,38261.737332143755
POL,Poland,pop,Population (thousands),1993,38309.852944439466
POL,Poland,pop,Population (thousands),1994,38340.92252747045
POL,Poland,pop,Population (thousands),1995,38363.47043836096
POL,Poland,pop,Population (thousands),1996,38377.51133146854
POL,Poland,pop,Population (thousands),1997,38380.51318863993
POL,Poland,pop,Population (thousands),1998,38372.48780838702
POL,Poland,pop,Population (thousands),1999,38358.460688962565
POL,Poland,pop,Population (thousands),2000,38344.429663937015
POL,Poland,pop,Population (thousands),2001,38339.42182896611
POL,Poland,pop,Population (thousands),2002,38320.371919391284
POL,Poland,pop,Population (thousands),2003,38283.28829535845
POL,Poland,pop,Population (thousands),2004,38268.249358148416
POL,Poland,pop,Population (thousands),2005,38249.209767551205
POL,Poland,pop,Population (thousands),2006,38220.14123247377
POL,Poland,pop,Population (thousands),2007,38204.10881327436
POL,Poland,pop,Population (thousands),2008,38204.109123786715
POL,Poland,pop,Population (thousands),2009,38571.94891306195
POL,Poland,pop,Population (thousands),2010,38606.03192317922
POL,Poland,pop,Population (thousands),2011,38615.05078124285
POL,Poland,pop,Population (thousands),2012,38623.0706119209
POL,Poland,pop,Population (thousands),2013,38590.999461085186
POL,Poland,pop,Population (thousands),2014,38572.961533766305
POL,Poland,pop,Population (thousands),2015,38543.89161693118
POL,Poland,pop,Population (thousands),2016,38515.82826929036
POL,Poland,pop,Population (thousands),2017,38510.80900541932
POL,Poland,pop,Population (thousands),2018,38501.788976162694
POL,Poland,pop,Population (thousands),2019,38474.731046331275
POL,Poland,pop,Population (thousands),2020,38442.6609970067
POL,Poland,pop,Population (thousands),2021,38250.21107381853
POL,Poland,pop,Population (thousands),2022,37914.44180763809
PRT,Portugal,gdp,GDP (2011 international $),1900,11213300000.0
PRT,Portugal,gdp,GDP (2011 international $),1901,11019281000.0
PRT,Portugal,gdp,GDP (2011 international $),1902,11086892000.0
PRT,Portugal,gdp,GDP (2011 international $),1903,11242689000.0
PRT,Portugal,gdp,GDP (2011 international $),1904,11395971000.0
PRT,Portugal,gdp,GDP (2011 international $),1905,11076705000.0
PRT,Portugal,gdp,GDP (2011 international $),1906,11155932000.0
PRT,Portugal,gdp,GDP (2011 international $),1907,11418385000.0
PRT,Portugal,gdp,GDP (2011 international $),1908,11238312000.0
PRT,Portugal,gdp,GDP (2011 international $),1909,11236284000.0
PRT,Portugal,gdp,GDP (2011 international $),1910,11514988000.0
PRT,Portugal,gdp,GDP (2011 international $),1911,11751300000.0
PRT,Portugal,gdp,GDP (2011 international $),1912,11951856000.0
PRT,Portugal,gdp,GDP (2011 international $),1913,11896224000.0
PRT,Portugal,gdp,GDP (2011 international $),1914,11989900000.0
PRT,Portugal,gdp,GDP (2011 international $),1915,11718516000.0
PRT,Portugal,gdp,GDP (2011 international $),1916,11794132000.0
PRT,Portugal,gdp,GDP (2011 international $),1917,11601660000.0
PRT,Portugal,gdp,GDP (2011 international $),1918,11021829000.0
PRT,Portugal,gdp,GDP (2011 international $),1919,11259270000.0
PRT,Portugal,gdp,GDP (2011 international $),1920,11810811000.0
PRT,Portugal,gdp,GDP (2011 international $),1921,12481976000.0
PRT,Portugal,gdp,GDP (2011 international $),1922,14006734000.0
PRT,Portugal,gdp,GDP (2011 international $),1923,14611604000.0
PRT,Portugal,gdp,GDP (2011 international $),1924,14067900000.0
PRT,Portugal,gdp,GDP (2011 international $),1925,14701290000.0
PRT,Portugal,gdp,GDP (2011 international $),1926,14605734000.0
PRT,Portugal,gdp,GDP (2011 international $),1927,17175326000.0
PRT,Portugal,gdp,GDP (2011 international $),1928,15508317000.0
PRT,Portugal,gdp,GDP (2011 international $),1929,17194766000.0
PRT,Portugal,gdp,GDP (2011 international $),1930,16987136000.0
PRT,Portugal,gdp,GDP (2011 international $),1931,17859400000.0
PRT,Portugal,gdp,GDP (2011 international $),1932,18212526000.0
PRT,Portugal,gdp,GDP (2011 international $),1933,19437440000.0
PRT,Portugal,gdp,GDP (2011 international $),1934,20269188000.0
PRT,Portugal,gdp,GDP (2011 international $),1935,19194560000.0
PRT,Portugal,gdp,GDP (2011 international $),1936,17736540000.0
PRT,Portugal,gdp,GDP (2011 international $),1937,20716196000.0
PRT,Portugal,gdp,GDP (2011 international $),1938,20854080000.0
PRT,Portugal,gdp,GDP (2011 international $),1939,21135828000.0
PRT,Portugal,gdp,GDP (2011 international $),1940,19755450000.0
PRT,Portugal,gdp,GDP (2011 international $),1941,21603245000.0
PRT,Portugal,gdp,GDP (2011 international $),1942,21310198000.0
PRT,Portugal,gdp,GDP (2011 international $),1943,22732584000.0
PRT,Portugal,gdp,GDP (2011 international $),1944,24036439000.0
PRT,Portugal,gdp,GDP (2011 international $),1945,23117288000.0
PRT,Portugal,gdp,GDP (2011 international $),1946,24922030000.0
PRT,Portugal,gdp,GDP (2011 international $),1947,27012083000.0
PRT,Portugal,gdp,GDP (2011 international $),1948,26922816000.0
PRT,Portugal,gdp,GDP (2011 international $),1949,27310791000.0
PRT,Portugal,gdp,GDP (2011 international $),1950,28072143750.0
PRT,Portugal,gdp,GDP (2011 international $),1951,29342304000.0
PRT,Portugal,gdp,GDP (2011 international $),1952,29372241577.0
PRT,Portugal,gdp,GDP (2011 international $),1953,31424694565.0
PRT,Portugal,gdp,GDP (2011 international $),1954,32922827910.0
PRT,Portugal,gdp,GDP (2011 international $),1955,34292305458.0
PRT,Portugal,gdp,GDP (2011 international $),1956,35785772000.0
PRT,Portugal,gdp,GDP (2011 international $),1957,37369202355.0
PRT,Portugal,gdp,GDP (2011 international $),1958,37856333618.0
PRT,Portugal,gdp,GDP (2011 international $),1959,39914742830.0
PRT,Portugal,gdp,GDP (2011 international $),1960,42580931320.0
PRT,Portugal,gdp,GDP (2011 international $),1961,44903127371.0
PRT,Portugal,gdp,GDP (2011 international $),1962,47877097363.0
PRT,Portugal,gdp,GDP (2011 international $),1963,50720733818.0
PRT,Portugal,gdp,GDP (2011 international $),1964,54059935000.0
PRT,Portugal,gdp,GDP (2011 international $),1965,58086870064.0
PRT,Portugal,gdp,GDP (2011 international $),1966,60455104303.0
PRT,Portugal,gdp,GDP (2011 international $),1967,65022729000.0
PRT,Portugal,gdp,GDP (2011 international $),1968,70796591833.0
PRT,Portugal,gdp,GDP (2011 international $),1969,72313644352.0
PRT,Portugal,gdp,GDP (2011 international $),1970,78901602503.0
PRT,Portugal,gdp,GDP (2011 international $),1971,84132632927.0
PRT,Portugal,gdp,GDP (2011 international $),1972,90870660478.0
PRT,Portugal,gdp,GDP (2011 international $),1973,101051247298.0
PRT,Portugal,gdp,GDP (2011 international $),1974,102210300005.0
PRT,Portugal,gdp,GDP (2011 international $),1975,97762401296.0
PRT,Portugal,gdp,GDP (2011 international $),1976,104504213200.0
PRT,Portugal,gdp,GDP (2011 international $),1977,110366212738.0
PRT,Portugal,gdp,GDP (2011 international $),1978,113475729199.0
PRT,Portugal,gdp,GDP (2011 international $),1979,119864921263.0
PRT,Portugal,gdp,GDP (2011 international $),1980,125370949095.0
PRT,Portugal,gdp,GDP (2011 international $),1981,127400923099.0
PRT,Portugal,gdp,GDP (2011 international $),1982,130127665855.0
PRT,Portugal,gdp,GDP (2011 international $),1983,129898975552.0
PRT,Portugal,gdp,GDP (2011 international $),1984,127462176351.0
PRT,Portugal,gdp,GDP (2011 international $),1985,131038827148.0
PRT,Portugal,gdp,GDP (2011 international $),1986,136464680943.0
PRT,Portugal,gdp,GDP (2011 international $),1987,145169747164.0
PRT,Portugal,gdp,GDP (2011 international $),1988,156041295580.0
PRT,Portugal,gdp,GDP (2011 international $),1989,164059396971.0
PRT,Portugal,gdp,GDP (2011 international $),1990,171225929203.0
PRT,Portugal,gdp,GDP (2011 international $),1991,177606537211.0
PRT,Portugal,gdp,GDP (2011 international $),1992,183951331948.0
PRT,Portugal,gdp,GDP (2011 international $),1993,183378088561.0
PRT,Portugal,gdp,GDP (2011 international $),1994,186788072120.0
PRT,Portugal,gdp,GDP (2011 international $),1995,191728089193.0
PRT,Portugal,gdp,GDP (2011 international $),1996,199215852007.0
PRT,Portugal,gdp,GDP (2011 international $),1997,208848444082.0
PRT,Portugal,gdp,GDP (2011 international $),1998,219709918106.0
PRT,Portugal,gdp,GDP (2011 international $),1999,229149917332.0
PRT,Portugal,gdp,GDP (2011 international $),2000,238756377443.0
PRT,Portugal,gdp,GDP (2011 international $),2001,244348167969.0
PRT,Portugal,gdp,GDP (2011 international $),2002,247190712485.0
PRT,Portugal,gdp,GDP (2011 international $),2003,245847246169.0
PRT,Portugal,gdp,GDP (2011 international $),2004,251279602163.0
PRT,Portugal,gdp,GDP (2011 international $),2005,254196923131.0
PRT,Portugal,gdp,GDP (2011 international $),2006,259159946424.0
PRT,Portugal,gdp,GDP (2011 international $),2007,266663287450.0
PRT,Portugal,gdp,GDP (2011 international $),2008,268239264717.0
PRT,Portugal,gdp,GDP (2011 international $),2009,261270596745.0
PRT,Portugal,gdp,GDP (2011 international $),2010,267277408809.0
PRT,Portugal,gdp,GDP (2011 international $),2011,263425010810.0
PRT,Portugal,gdp,GDP (2011 international $),2012,252737143203.0
PRT,Portugal,gdp,GDP (2011 international $),2013,250405237435.0
PRT,Portugal,gdp,GDP (2011 international $),2014,252388910611.0
PRT,Portugal,gdp,GDP (2011 international $),2015,256911888409.0
PRT,Portugal,gdp,GDP (2011 international $),2016,262100101273.0
PRT,Portugal,gdp,GDP (2011 international $),2017,271290329012.0
PRT,Portugal,gdp,GDP (2011 international $),2018,279020275961.0
PRT,Portugal,gdp,GDP (2011 international $),2019,286505655767.0
PRT,Portugal,gdp,GDP (2011 international $),2020,262724232089.0
PRT,Portugal,gdp,GDP (2011 international $),2021,277181288542.0
PRT,Portugal,gdp,GDP (2011 international $),2022,295712910456.0
PRT,Portugal,gdppc,GDP per capita (2011 international $),1900,2075.0
PRT,Portugal,gdppc,GDP per capita (2011 international $),1901,2023.0
PRT,Portugal,gdppc,GDP per capita (2011 international $),1902,2018.0
PRT,Portugal,gdppc,GDP per capita (2011 international $),1903,2029.0
PRT,Portugal,gdppc,GDP per capita (2011 international $),1904,2039.0
PRT,Portugal,gdppc,GDP per capita (2011 international $),1905,1965.0
PRT,Portugal,gdppc,GDP per capita (2011 international $),1906,1962.0
PRT,Portugal,gdppc,GDP per capita (2011 international $),1907,1991.0
PRT,Portugal,gdppc,GDP per capita (2011 international $),1908,1943.0
PRT,Portugal,gdppc,GDP per capita (2011 international $),1909,1926.0
PRT,Portugal,gdppc,GDP per capita (2011 international $),1910,1957.0
PRT,Portugal,gdppc,GDP per capita (2011 international $),1911,1980.0
PRT,Portugal,gdppc,GDP per capita (2011 international $),1912,2004.0
PRT,Portugal,gdppc,GDP per capita (2011 international $),1913,1992.0
PRT,Portugal,gdppc,GDP per capita (2011 international $),1914,2005.0
PRT,Portugal,gdppc,GDP per capita (2011 international $),1915,1957.0
PRT,Portugal,gdppc,GDP per capita (2011 international $),1916,1967.0
PRT,Portugal,gdppc,GDP per capita (2011 international $),1917,1932.0
PRT,Portugal,gdppc,GDP per capita (2011 international $),1918,1833.0
PRT,Portugal,gdppc,GDP per capita (2011 international $),1919,1870.0
PRT,Portugal,gdppc,GDP per capita (2011 international $),1920,1959.0
PRT,Portugal,gdppc,GDP per capita (2011 international $),1921,2056.0
PRT,Portugal,gdppc,GDP per capita (2011 international $),1922,2279.0
PRT,Portugal,gdppc,GDP per capita (2011 international $),1923,2348.0
PRT,Portugal,gdppc,GDP per capita (2011 international $),1924,2233.0
PRT,Portugal,gdppc,GDP per capita (2011 international $),1925,2305.0
PRT,Portugal,gdppc,GDP per capita (2011 international $),1926,2262.0
PRT,Portugal,gdppc,GDP per capita (2011 international $),1927,2627.0
PRT,Portugal,gdppc,GDP per capita (2011 international $),1928,2343.0
PRT,Portugal,gdppc,GDP per capita (2011 international $),1929,2566.0
PRT,Portugal,gdppc,GDP per capita (2011 international $),1930,2504.0
PRT,Portugal,gdppc,GDP per capita (2011 international $),1931,2600.0
PRT,Portugal,gdppc,GDP per capita (2011 international $),1932,2619.0
PRT,Portugal,gdppc,GDP per capita (2011 international $),1933,2761.0
PRT,Portugal,gdppc,GDP per capita (2011 international $),1934,2844.0
PRT,Portugal,gdppc,GDP per capita (2011 international $),1935,2660.0
PRT,Portugal,gdppc,GDP per capita (2011 international $),1936,2428.0
PRT,Portugal,gdppc,GDP per capita (2011 international $),1937,2801.0
PRT,Portugal,gdppc,GDP per capita (2011 international $),1938,2785.0
PRT,Portugal,gdppc,GDP per capita (2011 international $),1939,2788.0
PRT,Portugal,gdppc,GDP per capita (2011 international $),1940,2574.0
PRT,Portugal,gdppc,GDP per capita (2011 international $),1941,2785.0
PRT,Portugal,gdppc,GDP per capita (2011 international $),1942,2723.0
PRT,Portugal,gdppc,GDP per capita (2011 international $),1943,2879.0
PRT,Portugal,gdppc,GDP per capita (2011 international $),1944,3017.0
PRT,Portugal,gdppc,GDP per capita (2011 international $),1945,2876.0
PRT,Portugal,gdppc,GDP per capita (2011 international $),1946,3073.0
PRT,Portugal,gdppc,GDP per capita (2011 international $),1947,3301.0
PRT,Portugal,gdppc,GDP per capita (2011 international $),1948,3261.0
PRT,Portugal,gdppc,GDP per capita (2011 international $),1949,3279.0
PRT,Portugal,gdppc,GDP per capita (2011 international $),1950,3325.0
PRT,Portugal,gdppc,GDP per capita (2011 international $),1951,3456.0
PRT,Portugal,gdppc,GDP per capita (2011 international $),1952,3445.0
PRT,Portugal,gdppc,GDP per capita (2011 international $),1953,3663.0
PRT,Portugal,gdppc,GDP per capita (2011 international $),1954,3814.0
PRT,Portugal,gdppc,GDP per capita (2011 international $),1955,3945.0
PRT,Portugal,gdppc,GDP per capita (2011 international $),1956,4087.0
PRT,Portugal,gdppc,GDP per capita (2011 international $),1957,4238.0
PRT,Portugal,gdppc,GDP per capita (2011 international $),1958,4259.0
PRT,Portugal,gdppc,GDP per capita (2011 international $),1959,4454.0
PRT,Portugal,gdppc,GDP per capita (2011 international $),1960,4712.0
PRT,Portugal,gdppc,GDP per capita (2011 international $),1961,4972.0
PRT,Portugal,gdppc,GDP per capita (2011 international $),1962,5308.0
PRT,Portugal,gdppc,GDP per capita (2011 international $),1963,5585.0
PRT,Portugal,gdppc,GDP per capita (2011 international $),1964,5926.0
PRT,Portugal,gdppc,GDP per capita (2011 international $),1965,6363.0
PRT,Portugal,gdppc,GDP per capita (2011 international $),1966,6637.0
PRT,Portugal,gdppc,GDP per capita (2011 international $),1967,7143.0
PRT,Portugal,gdppc,GDP per capita (2011 international $),1968,7767.0
PRT,Portugal,gdppc,GDP per capita (2011 international $),1969,7949.0
PRT,Portugal,gdppc,GDP per capita (2011 international $),1970,8724.0
PRT,Portugal,gdppc,GDP per capita (2011 international $),1971,9358.0
PRT,Portugal,gdppc,GDP per capita (2011 international $),1972,10130.0
PRT,Portugal,gdppc,GDP per capita (2011 international $),1973,11258.0
PRT,Portugal,gdppc,GDP per capita (2011 international $),1974,11234.0
PRT,Portugal,gdppc,GDP per capita (2011 international $),1975,10388.0
PRT,Portugal,gdppc,GDP per capita (2011 international $),1976,10861.0
PRT,Portugal,gdppc,GDP per capita (2011 international $),1977,11422.0
PRT,Portugal,gdppc,GDP per capita (2011 international $),1978,11700.0
PRT,Portugal,gdppc,GDP per capita (2011 international $),1979,12326.0
PRT,Portugal,gdppc,GDP per capita (2011 international $),1980,12822.0
PRT,Portugal,gdppc,GDP per capita (2011 international $),1981,12934.0
PRT,Portugal,gdppc,GDP per capita (2011 international $),1982,13198.0
PRT,Portugal,gdppc,GDP per capita (2011 international $),1983,13158.0
PRT,Portugal,gdppc,GDP per capita (2011 international $),1984,12894.0
PRT,Portugal,gdppc,GDP per capita (2011 international $),1985,13240.0
PRT,Portugal,gdppc,GDP per capita (2011 international $),1986,13774.0
PRT,Portugal,gdppc,GDP per capita (2011 international $),1987,14641.0
PRT,Portugal,gdppc,GDP per capita (2011 international $),1988,15729.0
PRT,Portugal,gdppc,GDP per capita (2011 international $),1989,16533.0
PRT,Portugal,gdppc,GDP per capita (2011 international $),1990,17256.0
PRT,Portugal,gdppc,GDP per capita (2011 international $),1991,17949.809
PRT,Portugal,gdppc,GDP per capita (2011 international $),1992,18598.527
PRT,Portugal,gdppc,GDP per capita (2011 international $),1993,18519.934
PRT,Portugal,gdppc,GDP per capita (2011 international $),1994,18819.027
PRT,Portugal,gdppc,GDP per capita (2011 international $),1995,19262.031
PRT,Portugal,gdppc,GDP per capita (2011 international $),1996,19939.31
PRT,Portugal,gdppc,GDP per capita (2011 international $),1997,20810.178
PRT,Portugal,gdppc,GDP per capita (2011 international $),1998,21782.12
PRT,Portugal,gdppc,GDP per capita (2011 international $),1999,22589.922
PRT,Portugal,gdppc,GDP per capita (2011 international $),2000,23372.041
PRT,Portugal,gdppc,GDP per capita (2011 international $),2001,23751.371
PRT,Portugal,gdppc,GDP per capita (2011 international $),2002,23896.459
PRT,Portugal,gdppc,GDP per capita (2011 international $),2003,23677.52
PRT,Portugal,gdppc,GDP per capita (2011 international $),2004,24142.766
PRT,Portugal,gdppc,GDP per capita (2011 international $),2005,24377.95
PRT,Portugal,gdppc,GDP per capita (2011 international $),2006,24809.04
PRT,Portugal,gdppc,GDP per capita (2011 international $),2007,25477.205
PRT,Portugal,gdppc,GDP per capita (2011 international $),2008,25590.88
PRT,Portugal,gdppc,GDP per capita (2011 international $),2009,24902.457
PRT,Portugal,gdppc,GDP per capita (2011 international $),2010,25463.164
PRT,Portugal,gdppc,GDP per capita (2011 international $),2011,25133.0
PRT,Portugal,gdppc,GDP per capita (2011 international $),2012,24211.438
PRT,Portugal,gdppc,GDP per capita (2011 international $),2013,24119.96
PRT,Portugal,gdppc,GDP per capita (2011 international $),2014,24442.387
PRT,Portugal,gdppc,GDP per capita (2011 international $),2015,24983.701
PRT,Portugal,gdppc,GDP per capita (2011 international $),2016,25568.695
PRT,Portugal,gdppc,GDP per capita (2011 international $),2017,26529.986
PRT,Portugal,gdppc,GDP per capita (2011 international $),2018,27329.69
PRT,Portugal,gdppc,GDP per capita (2011 international $),2019,28056.057
PRT,Portugal,gdppc,GDP per capita (2011 international $),2020,25700.283
PRT,Portugal,gdppc,GDP per capita (2011 international $),2021,27138.479
PRT,Portugal,gdppc,GDP per capita (2011 international $),2022,28992.059
PRT,Portugal,pop,Population (thousands),1900,5404.0
PRT,Portugal,pop,Population (thousands),1901,5447.0
PRT,Portugal,pop,Population (thousands),1902,5494.0
PRT,Portugal,pop,Population (thousands),1903,5541.0
PRT,Portugal,pop,Population (thousands),1904,5589.0
PRT,Portugal,pop,Population (thousands),1905,5637.0
PRT,Portugal,pop,Population (thousands),1906,5686.0
PRT,Portugal,pop,Population (thousands),1907,5735.0
PRT,Portugal,pop,Population (thousands),1908,5784.0
PRT,Portugal,pop,Population (thousands),1909,5834.0
PRT,Portugal,pop,Population (thousands),1910,5884.0
PRT,Portugal,pop,Population (thousands),1911,5935.0
PRT,Portugal,pop,Population (thousands),1912,5964.0
PRT,Portugal,pop,Population (thousands),1913,5972.0
PRT,Portugal,pop,Population (thousands),1914,5980.0
PRT,Portugal,pop,Population (thousands),1915,5988.0
PRT,Portugal,pop,Population (thousands),1916,5996.0
PRT,Portugal,pop,Population (thousands),1917,6005.0
PRT,Portugal,pop,Population (thousands),1918,6013.0
PRT,Portugal,pop,Population (thousands),1919,6021.0
PRT,Portugal,pop,Population (thousands),1920,6029.0
PRT,Portugal,pop,Population (thousands),1921,6071.0
PRT,Portugal,pop,Population (thousands),1922,6146.0
PRT,Portugal,pop,Population (thousands),1923,6223.0
PRT,Portugal,pop,Population (thousands),1924,6300.0
PRT,Portugal,pop,Population (thousands),1925,6378.0
PRT,Portugal,pop,Population (thousands),1926,6457.0
PRT,Portugal,pop,Population (thousands),1927,6538.0
PRT,Portugal,pop,Population (thousands),1928,6619.0
PRT,Portugal,pop,Population (thousands),1929,6701.0
PRT,Portugal,pop,Population (thousands),1930,6784.0
PRT,Portugal,pop,Population (thousands),1931,6869.0
PRT,Portugal,pop,Population (thousands),1932,6954.0
PRT,Portugal,pop,Population (thousands),1933,7040.0
PRT,Portugal,pop,Population (thousands),1934,7127.0
PRT,Portugal,pop,Population (thousands),1935,7216.0
PRT,Portugal,pop,Population (thousands),1936,7305.0
PRT,Portugal,pop,Population (thousands),1937,7396.0
PRT,Portugal,pop,Population (thousands),1938,7488.0
PRT,Portugal,pop,Population (thousands),1939,7581.0
PRT,Portugal,pop,Population (thousands),1940,7675.0
PRT,Portugal,pop,Population (thousands),1941,7757.0
PRT,Portugal,pop,Population (thousands),1942,7826.0
PRT,Portugal,pop,Population (thousands),1943,7896.0
PRT,Portugal,pop,Population (thousands),1944,7967.0
PRT,Portugal,pop,Population (thousands),1945,8038.0
PRT,Portugal,pop,Population (thousands),1946,8110.0
PRT,Portugal,pop,Population (thousands),1947,8183.0
PRT,Portugal,pop,Population (thousands),1948,8256.0
PRT,Portugal,pop,Population (thousands),1949,8329.0
PRT,Portugal,pop,Population (thousands),1950,8442.75
PRT,Portugal,pop,Population (thousands),1951,8490.25
PRT,Portugal,pop,Population (thousands),1952,8526.049804644412
PRT,Portugal,pop,Population (thousands),1953,8578.950195195195
PRT,Portugal,pop,Population (thousands),1954,8632.099609334033
PRT,Portugal,pop,Population (thousands),1955,8692.599609125475
PRT,Portugal,pop,Population (thousands),1956,8756.0
PRT,Portugal,pop,Population (thousands),1957,8817.650390514395
PRT,Portugal,pop,Population (thousands),1958,8888.54980464898
PRT,Portugal,pop,Population (thousands),1959,8961.54980466996
PRT,Portugal,pop,Population (thousands),1960,9036.70019524618
PRT,Portugal,pop,Population (thousands),1961,9031.200195293644
PRT,Portugal,pop,Population (thousands),1962,9019.799804634513
PRT,Portugal,pop,Population (thousands),1963,9081.599609310653
PRT,Portugal,pop,Population (thousands),1964,9122.5
PRT,Portugal,pop,Population (thousands),1965,9128.849609303787
PRT,Portugal,pop,Population (thousands),1966,9108.799804580383
PRT,Portugal,pop,Population (thousands),1967,9103.0
PRT,Portugal,pop,Population (thousands),1968,9115.049804686494
PRT,Portugal,pop,Population (thousands),1969,9097.200195244684
PRT,Portugal,pop,Population (thousands),1970,9044.200195208621
PRT,Portugal,pop,Population (thousands),1971,8990.450195234025
PRT,Portugal,pop,Population (thousands),1972,8970.4501952616
PRT,Portugal,pop,Population (thousands),1973,8975.95019523894
PRT,Portugal,pop,Population (thousands),1974,9098.299804611002
PRT,Portugal,pop,Population (thousands),1975,9411.089843665768
PRT,Portugal,pop,Population (thousands),1976,9621.969726544516
PRT,Portugal,pop,Population (thousands),1977,9662.599609350376
PRT,Portugal,pop,Population (thousands),1978,9698.780273418803
PRT,Portugal,pop,Population (thousands),1979,9724.559570257992
PRT,Portugal,pop,Population (thousands),1980,9777.799804632661
PRT,Portugal,pop,Population (thousands),1981,9850.079101515386
PRT,Portugal,pop,Population (thousands),1982,9859.650390589482
PRT,Portugal,pop,Population (thousands),1983,9872.243164006688
PRT,Portugal,pop,Population (thousands),1984,9885.386718706375
PRT,Portugal,pop,Population (thousands),1985,9897.192382779456
PRT,Portugal,pop,Population (thousands),1986,9907.41113278641
PRT,Portugal,pop,Population (thousands),1987,9915.28906249573
PRT,Portugal,pop,Population (thousands),1988,9920.611328120032
PRT,Portugal,pop,Population (thousands),1989,9923.147460896389
PRT,Portugal,pop,Population (thousands),1990,9922.689453117757
PRT,Portugal,pop,Population (thousands),1991,9894.619893225605
PRT,Portugal,pop,Population (thousands),1992,9890.63983120814
PRT,Portugal,pop,Population (thousands),1993,9901.6599390149
PRT,Portugal,pop,Population (thousands),1994,9925.490415630948
PRT,Portugal,pop,Population (thousands),1995,9953.679816681844
PRT,Portugal,pop,Population (thousands),1996,9991.110625543211
PRT,Portugal,pop,Population (thousands),1997,10035.879754704645
PRT,Portugal,pop,Population (thousands),1998,10086.709562981016
PRT,Portugal,pop,Population (thousands),1999,10143.900334494294
PRT,Portugal,pop,Population (thousands),2000,10215.469733387854
PRT,Portugal,pop,Population (thousands),2001,10287.750040576606
PRT,Portugal,pop,Population (thousands),2002,10344.240227600249
PRT,Portugal,pop,Population (thousands),2003,10383.150185027824
PRT,Portugal,pop,Population (thousands),2004,10408.070150826961
PRT,Portugal,pop,Population (thousands),2005,10427.329743928427
PRT,Portugal,pop,Population (thousands),2006,10446.190034922754
PRT,Portugal,pop,Population (thousands),2007,10466.740266446024
PRT,Portugal,pop,Population (thousands),2008,10481.830430098535
PRT,Portugal,pop,Population (thousands),2009,10491.759778764
PRT,Portugal,pop,Population (thousands),2010,10496.629908561245
PRT,Portugal,pop,Population (thousands),2011,10481.240234353241
PRT,Portugal,pop,Population (thousands),2012,10438.749784420075
PRT,Portugal,pop,Population (thousands),2013,10381.660559760465
PRT,Portugal,pop,Population (thousands),2014,10325.86999833527
PRT,Portugal,pop,Population (thousands),2015,10283.17975823518
PRT,Portugal,pop,Population (thousands),2016,10250.820437765791
PRT,Portugal,pop,Population (thousands),2017,10225.799931142068
PRT,Portugal,pop,Population (thousands),2018,10209.41971756723
PRT,Portugal,pop,Population (thousands),2019,10211.900259790604
PRT,Portugal,pop,Population (thousands),2020,10222.620197956576
PRT,Portugal,pop,Population (thousands),2021,10213.589661454498
PRT,Portugal,pop,Population (thousands),2022,10199.789896122935
ROU,Romania,gdp,GDP (2011 international $),1900,15475027465.0
ROU,Romania,gdp,GDP (2011 international $),1910,21280607811.0
ROU,Romania,gdp,GDP (2011 international $),1913,21978905926.0
ROU,Romania,gdp,GDP (2011 international $),1920,13125980573.0
ROU,Romania,gdp,GDP (2011 international $),1921,14387123187.0
ROU,Romania,gdp,GDP (2011 international $),1922,16254213480.0
ROU,Romania,gdp,GDP (2011 international $),1923,17803390832.0
ROU,Romania,gdp,GDP (2011 international $),1924,18048754079.0
ROU,Romania,gdp,GDP (2011 international $),1925,18431614795.0
ROU,Romania,gdp,GDP (2011 international $),1926,20474460368.0
ROU,Romania,gdp,GDP (2011 international $),1927,20679770278.0
ROU,Romania,gdp,GDP (2011 international $),1928,20333614921.0
ROU,Romania,gdp,GDP (2011 international $),1929,21734376890.0
ROU,Romania,gdp,GDP (2011 international $),1930,21705323329.0
ROU,Romania,gdp,GDP (2011 international $),1931,22395007348.0
ROU,Romania,gdp,GDP (2011 international $),1932,20574745693.0
ROU,Romania,gdp,GDP (2011 international $),1933,20958333801.0
ROU,Romania,gdp,GDP (2011 international $),1934,21439196809.0
ROU,Romania,gdp,GDP (2011 international $),1935,23233142124.0
ROU,Romania,gdp,GDP (2011 international $),1936,24184523717.0
ROU,Romania,gdp,GDP (2011 international $),1937,25314028375.0
ROU,Romania,gdp,GDP (2011 international $),1938,25016932892.0
ROU,Romania,gdp,GDP (2011 international $),1939,25617772875.0
ROU,Romania,gdp,GDP (2011 international $),1940,25180132447.0
ROU,Romania,gdp,GDP (2011 international $),1941,25655180581.0
ROU,Romania,gdp,GDP (2011 international $),1942,23840604874.0
ROU,Romania,gdp,GDP (2011 international $),1943,27030720234.0
ROU,Romania,gdp,GDP (2011 international $),1944,20572851027.0
ROU,Romania,gdp,GDP (2011 international $),1945,13955677485.0
ROU,Romania,gdp,GDP (2011 international $),1946,13627134875.0
ROU,Romania,gdp,GDP (2011 international $),1947,17221029666.0
ROU,Romania,gdp,GDP (2011 international $),1948,47298437148.0
ROU,Romania,gdp,GDP (2011 international $),1949,39091887126.0
ROU,Romania,gdp,GDP (2011 international $),1950,30729545693.0
ROU,Romania,gdp,GDP (2011 international $),1951,32953401427.0
ROU,Romania,gdp,GDP (2011 international $),1952,35336362685.0
ROU,Romania,gdp,GDP (2011 international $),1953,37893065393.0
ROU,Romania,gdp,GDP (2011 international $),1954,40634663144.0
ROU,Romania,gdp,GDP (2011 international $),1955,43574494097.0
ROU,Romania,gdp,GDP (2011 international $),1956,45497815444.0
ROU,Romania,gdp,GDP (2011 international $),1957,47507789204.0
ROU,Romania,gdp,GDP (2011 international $),1958,49605435418.0
ROU,Romania,gdp,GDP (2011 international $),1959,51797123833.0
ROU,Romania,gdp,GDP (2011 international $),1960,54083999075.0
ROU,Romania,gdp,GDP (2011 international $),1961,57740813871.0
ROU,Romania,gdp,GDP (2011 international $),1962,59768965889.0
ROU,Romania,gdp,GDP (2011 international $),1963,64071102623.0
ROU,Romania,gdp,GDP (2011 international $),1964,68127400923.0
ROU,Romania,gdp,GDP (2011 international $),1965,72368082606.0
ROU,Romania,gdp,GDP (2011 international $),1966,80634325061.0
ROU,Romania,gdp,GDP (2011 international $),1967,84321871889.0
ROU,Romania,gdp,GDP (2011 international $),1968,86104186610.0
ROU,Romania,gdp,GDP (2011 international $),1969,90068301484.0
ROU,Romania,gdp,GDP (2011 international $),1970,92096452481.0
ROU,Romania,gdp,GDP (2011 international $),1971,105095043285.0
ROU,Romania,gdp,GDP (2011 international $),1972,111855552333.0
ROU,Romania,gdp,GDP (2011 international $),1973,115420176106.0
ROU,Romania,gdp,GDP (2011 international $),1974,121904113752.0
ROU,Romania,gdp,GDP (2011 international $),1975,127373970395.0
ROU,Romania,gdp,GDP (2011 international $),1976,133888629488.0
ROU,Romania,gdp,GDP (2011 international $),1977,136930857522.0
ROU,Romania,gdp,GDP (2011 international $),1978,141386644390.0
ROU,Romania,gdp,GDP (2011 international $),1979,145473676070.0
ROU,Romania,gdp,GDP (2011 international $),1980,145873152323.0
ROU,Romania,gdp,GDP (2011 international $),1981,144981997327.0
ROU,Romania,gdp,GDP (2011 international $),1982,145104914625.0
ROU,Romania,gdp,GDP (2011 international $),1983,143814274661.0
ROU,Romania,gdp,GDP (2011 international $),1984,149529964661.0
ROU,Romania,gdp,GDP (2011 international $),1985,149284140404.0
ROU,Romania,gdp,GDP (2011 international $),1986,151834687903.0
ROU,Romania,gdp,GDP (2011 international $),1987,148638810399.0
ROU,Romania,gdp,GDP (2011 international $),1988,148270053319.0
ROU,Romania,gdp,GDP (2011 international $),1989,143537710868.0
ROU,Romania,gdp,GDP (2011 international $),1990,127957829968.0
ROU,Romania,gdp,GDP (2011 international $),1991,114884267222.0
ROU,Romania,gdp,GDP (2011 international $),1992,109843021990.0
ROU,Romania,gdp,GDP (2011 international $),1993,115101791639.0
ROU,Romania,gdp,GDP (2011 international $),1994,123373706511.0
ROU,Romania,gdp,GDP (2011 international $),1995,136457737663.0
ROU,Romania,gdp,GDP (2011 international $),1996,146513857110.0
ROU,Romania,gdp,GDP (2011 international $),1997,145416621981.0
ROU,Romania,gdp,GDP (2011 international $),1998,144240925408.0
ROU,Romania,gdp,GDP (2011 international $),1999,148247538550.0
ROU,Romania,gdp,GDP (2011 international $),2000,157839292272.0
ROU,Romania,gdp,GDP (2011 international $),2001,173763436827.0
ROU,Romania,gdp,GDP (2011 international $),2002,190219311781.0
ROU,Romania,gdp,GDP (2011 international $),2003,204513401651.0
ROU,Romania,gdp,GDP (2011 international $),2004,228570981481.0
ROU,Romania,gdp,GDP (2011 international $),2005,244044803180.0
ROU,Romania,gdp,GDP (2011 international $),2006,274969703969.0
ROU,Romania,gdp,GDP (2011 international $),2007,304650701380.0
ROU,Romania,gdp,GDP (2011 international $),2008,339689310169.0
ROU,Romania,gdp,GDP (2011 international $),2009,326954238767.0
ROU,Romania,gdp,GDP (2011 international $),2010,335489566640.0
ROU,Romania,gdp,GDP (2011 international $),2011,350086824382.0
ROU,Romania,gdp,GDP (2011 international $),2012,356825919340.0
ROU,Romania,gdp,GDP (2011 international $),2013,357789262640.0
ROU,Romania,gdp,GDP (2011 international $),2014,372532510801.0
ROU,Romania,gdp,GDP (2011 international $),2015,384306463712.0
ROU,Romania,gdp,GDP (2011 international $),2016,395288226514.0
ROU,Romania,gdp,GDP (2011 international $),2017,456012361225.0
ROU,Romania,gdp,GDP (2011 international $),2018,473122658487.0
ROU,Romania,gdp,GDP (2011 international $),2019,456564507688.0
ROU,Romania,gdp,GDP (2011 international $),2020,483499378450.0
ROU,Romania,gdp,GDP (2011 international $),2021,505119539256.0
ROU,Romania,gdp,GDP (2011 international $),2022,504741667296.0
ROU,Romania,gdppc,GDP per capita (2011 international $),1900,1406.8207
ROU,Romania,gdppc,GDP per capita (2011 international $),1901,1466.296
ROU,Romania,gdppc,GDP per capita (2011 international $),1902,1422.8333
ROU,Romania,gdppc,GDP per capita (2011 international $),1903,1450.2834
ROU,Romania,gdppc,GDP per capita (2011 international $),1904,1100.294
ROU,Romania,gdppc,GDP per capita (2011 international $),1905,1546.359
ROU,Romania,gdppc,GDP per capita (2011 international $),1906,1663.0222
ROU,Romania,gdppc,GDP per capita (2011 international $),1907,1342.7703
ROU,Romania,gdppc,GDP per capita (2011 international $),1908,1441.1334
ROU,Romania,gdppc,GDP per capita (2011 international $),1909,1411.3958
ROU,Romania,gdppc,GDP per capita (2011 international $),1910,1793.4104
ROU,Romania,gdppc,GDP per capita (2011 international $),1911,1743.0851
ROU,Romania,gdppc,GDP per capita (2011 international $),1912,1756.8102
ROU,Romania,gdppc,GDP per capita (2011 international $),1913,1754.5227
ROU,Romania,gdppc,GDP per capita (2011 international $),1914,1473.1586
ROU,Romania,gdppc,GDP per capita (2011 international $),1915,1608.4635
ROU,Romania,gdppc,GDP per capita (2011 international $),1916,1495.028
ROU,Romania,gdppc,GDP per capita (2011 international $),1917,1259.2958
ROU,Romania,gdppc,GDP per capita (2011 international $),1918,1025.8054
ROU,Romania,gdppc,GDP per capita (2011 international $),1919,1014.89813
ROU,Romania,gdppc,GDP per capita (2011 international $),1920,1063.6937
ROU,Romania,gdppc,GDP per capita (2011 international $),1921,1152.9067
ROU,Romania,gdppc,GDP per capita (2011 international $),1922,1283.2949
ROU,Romania,gdppc,GDP per capita (2011 international $),1923,1386.233
ROU,Romania,gdppc,GDP per capita (2011 international $),1924,1386.233
ROU,Romania,gdppc,GDP per capita (2011 international $),1925,1395.383
ROU,Romania,gdppc,GDP per capita (2011 international $),1926,1528.0588
ROU,Romania,gdppc,GDP per capita (2011 international $),1927,1523.4839
ROU,Romania,gdppc,GDP per capita (2011 international $),1928,1477.7336
ROU,Romania,gdppc,GDP per capita (2011 international $),1929,1557.7965
ROU,Romania,gdppc,GDP per capita (2011 international $),1930,1534.9214
ROU,Romania,gdppc,GDP per capita (2011 international $),1931,1560.0841
ROU,Romania,gdppc,GDP per capita (2011 international $),1932,1413.6832
ROU,Romania,gdppc,GDP per capita (2011 international $),1933,1422.8333
ROU,Romania,gdppc,GDP per capita (2011 international $),1934,1436.5583
ROU,Romania,gdppc,GDP per capita (2011 international $),1935,1541.7839
ROU,Romania,gdppc,GDP per capita (2011 international $),1936,1585.2467
ROU,Romania,gdppc,GDP per capita (2011 international $),1937,1640.147
ROU,Romania,gdppc,GDP per capita (2011 international $),1938,1603.5468
ROU,Romania,gdppc,GDP per capita (2011 international $),1939,1626.422
ROU,Romania,gdppc,GDP per capita (2011 international $),1940,1582.9592
ROU,Romania,gdppc,GDP per capita (2011 international $),1941,1626.422
ROU,Romania,gdppc,GDP per capita (2011 international $),1942,1505.1837
ROU,Romania,gdppc,GDP per capita (2011 international $),1943,1706.4849
ROU,Romania,gdppc,GDP per capita (2011 international $),1944,1290.1575
ROU,Romania,gdppc,GDP per capita (2011 international $),1945,876.1176
ROU,Romania,gdppc,GDP per capita (2011 international $),1946,853.24243
ROU,Romania,gdppc,GDP per capita (2011 international $),1947,1086.5688
ROU,Romania,gdppc,GDP per capita (2011 international $),1948,2976.0547
ROU,Romania,gdppc,GDP per capita (2011 international $),1949,2430.483
ROU,Romania,gdppc,GDP per capita (2011 international $),1950,1883.9768
ROU,Romania,gdppc,GDP per capita (2011 international $),1951,2001.5428
ROU,Romania,gdppc,GDP per capita (2011 international $),1952,2124.8564
ROU,Romania,gdppc,GDP per capita (2011 international $),1953,2249.247
ROU,Romania,gdppc,GDP per capita (2011 international $),1954,2384.6633
ROU,Romania,gdppc,GDP per capita (2011 international $),1955,2515.1223
ROU,Romania,gdppc,GDP per capita (2011 international $),1956,2587.6025
ROU,Romania,gdppc,GDP per capita (2011 international $),1957,2664.587
ROU,Romania,gdppc,GDP per capita (2011 international $),1958,2747.3184
ROU,Romania,gdppc,GDP per capita (2011 international $),1959,2841.9624
ROU,Romania,gdppc,GDP per capita (2011 international $),1960,2938.8025
ROU,Romania,gdppc,GDP per capita (2011 international $),1961,3109.8738
ROU,Romania,gdppc,GDP per capita (2011 international $),1962,3199.5
ROU,Romania,gdppc,GDP per capita (2011 international $),1963,3405.6587
ROU,Romania,gdppc,GDP per capita (2011 international $),1964,3599.467
ROU,Romania,gdppc,GDP per capita (2011 international $),1965,3803.3682
ROU,Romania,gdppc,GDP per capita (2011 international $),1966,4212.6973
ROU,Romania,gdppc,GDP per capita (2011 international $),1967,4372.449
ROU,Romania,gdppc,GDP per capita (2011 international $),1968,4366.12
ROU,Romania,gdppc,GDP per capita (2011 international $),1969,4501.1245
ROU,Romania,gdppc,GDP per capita (2011 international $),1970,4547.4023
ROU,Romania,gdppc,GDP per capita (2011 international $),1971,5134.1865
ROU,Romania,gdppc,GDP per capita (2011 international $),1972,5413.418
ROU,Romania,gdppc,GDP per capita (2011 international $),1973,5541.7134
ROU,Romania,gdppc,GDP per capita (2011 international $),1974,5796.996
ROU,Romania,gdppc,GDP per capita (2011 international $),1975,5995.4507
ROU,Romania,gdppc,GDP per capita (2011 international $),1976,6243.1465
ROU,Romania,gdppc,GDP per capita (2011 international $),1977,6322.24
ROU,Romania,gdppc,GDP per capita (2011 international $),1978,6476.1567
ROU,Romania,gdppc,GDP per capita (2011 international $),1979,6612.0225
ROU,Romania,gdppc,GDP per capita (2011 international $),1980,6591.6367
ROU,Romania,gdppc,GDP per capita (2011 international $),1981,6514.127
ROU,Romania,gdppc,GDP per capita (2011 international $),1982,6490.4365
ROU,Romania,gdppc,GDP per capita (2011 international $),1983,6418.194
ROU,Romania,gdppc,GDP per capita (2011 international $),1984,6659.454
ROU,Romania,gdppc,GDP per capita (2011 international $),1985,6628.6064
ROU,Romania,gdppc,GDP per capita (2011 international $),1986,6718.445
ROU,Romania,gdppc,GDP per capita (2011 international $),1987,6551.899
ROU,Romania,gdppc,GDP per capita (2011 international $),1988,6511.956
ROU,Romania,gdppc,GDP per capita (2011 international $),1989,6281.1543
ROU,Romania,gdppc,GDP per capita (2011 international $),1990,5596.0
ROU,Romania,gdppc,GDP per capita (2011 international $),1991,5033.141
ROU,Romania,gdppc,GDP per capita (2011 international $),1992,4818.304
ROU,Romania,gdppc,GDP per capita (2011 international $),1993,5055.917
ROU,Romania,gdppc,GDP per capita (2011 international $),1994,5427.071
ROU,Romania,gdppc,GDP per capita (2011 international $),1995,6014.69
ROU,Romania,gdppc,GDP per capita (2011 international $),1996,6476.4746
ROU,Romania,gdppc,GDP per capita (2011 international $),1997,6446.418
ROU,Romania,gdppc,GDP per capita (2011 international $),1998,6407.467
ROU,Romania,gdppc,GDP per capita (2011 international $),1999,6613.933
ROU,Romania,gdppc,GDP per capita (2011 international $),2000,7089.9463
ROU,Romania,gdppc,GDP per capita (2011 international $),2001,7860.4434
ROU,Romania,gdppc,GDP per capita (2011 international $),2002,8673.619
ROU,Romania,gdppc,GDP per capita (2011 international $),2003,9369.233
ROU,Romania,gdppc,GDP per capita (2011 international $),2004,10531.172
ROU,Romania,gdppc,GDP per capita (2011 international $),2005,11313.822
ROU,Romania,gdppc,GDP per capita (2011 international $),2006,12823.231
ROU,Romania,gdppc,GDP per capita (2011 international $),2007,14418.83
ROU,Romania,gdppc,GDP per capita (2011 international $),2008,16347.344
ROU,Romania,gdppc,GDP per capita (2011 international $),2009,15866.127
ROU,Romania,gdppc,GDP per capita (2011 international $),2010,16377.328
ROU,Romania,gdppc,GDP per capita (2011 international $),2011,17174.0
ROU,Romania,gdppc,GDP per capita (2011 international $),2012,17580.932
ROU,Romania,gdppc,GDP per capita (2011 international $),2013,17691.443
ROU,Romania,gdppc,GDP per capita (2011 international $),2014,18487.26
ROU,Romania,gdppc,GDP per capita (2011 international $),2015,19162.186
ROU,Romania,gdppc,GDP per capita (2011 international $),2016,19825.604
ROU,Romania,gdppc,GDP per capita (2011 international $),2017,23003.695
ROU,Romania,gdppc,GDP per capita (2011 international $),2018,24000.455
ROU,Romania,gdppc,GDP per capita (2011 international $),2019,23267.516
ROU,Romania,gdppc,GDP per capita (2011 international $),2020,24799.71
ROU,Romania,gdppc,GDP per capita (2011 international $),2021,26102.588
ROU,Romania,gdppc,GDP per capita (2011 international $),2022,26197.904
ROU,Romania,pop,Population (thousands),1900,10999.99983295668
ROU,Romania,pop,Population (thousands),1910,11866.000002564946
ROU,Romania,pop,Population (thousands),1913,12527.000035964196
ROU,Romania,pop,Population (thousands),1920,12340.000296137883
ROU,Romania,pop,Population (thousands),1921,12479.000414344022
ROU,Romania,pop,Population (thousands),1922,12666.000215538921
ROU,Romania,pop,Population (thousands),1923,12843.000297929713
ROU,Romania,pop,Population (thousands),1924,13020.000302257991
ROU,Romania,pop,Population (thousands),1925,13209.000536053542
ROU,Romania,pop,Population (thousands),1926,13399.000331662628
ROU,Romania,pop,Population (thousands),1927,13573.999881455919
ROU,Romania,pop,Population (thousands),1928,13760.000395876496
ROU,Romania,pop,Population (thousands),1929,13952.00007831575
ROU,Romania,pop,Population (thousands),1930,14140.99987725756
ROU,Romania,pop,Population (thousands),1931,14355.000059291675
ROU,Romania,pop,Population (thousands),1932,14554.0002830903
ROU,Romania,pop,Population (thousands),1933,14729.9995024013
ROU,Romania,pop,Population (thousands),1934,14924.000514980842
ROU,Romania,pop,Population (thousands),1935,15069.00034693578
ROU,Romania,pop,Population (thousands),1936,15256.00003898447
ROU,Romania,pop,Population (thousands),1937,15433.999742096288
ROU,Romania,pop,Population (thousands),1938,15600.99954176579
ROU,Romania,pop,Population (thousands),1939,15750.99997110221
ROU,Romania,pop,Population (thousands),1940,15907.000285920194
ROU,Romania,pop,Population (thousands),1941,15773.99997110221
ROU,Romania,pop,Population (thousands),1942,15839.000165893372
ROU,Romania,pop,Population (thousands),1943,15839.999658948052
ROU,Romania,pop,Population (thousands),1944,15945.99963725359
ROU,Romania,pop,Population (thousands),1945,15929.00026777227
ROU,Romania,pop,Population (thousands),1946,15971.000029850837
ROU,Romania,pop,Population (thousands),1947,15849.00069466379
ROU,Romania,pop,Population (thousands),1948,15892.999933099349
ROU,Romania,pop,Population (thousands),1949,16083.999405056526
ROU,Romania,pop,Population (thousands),1950,16311.000057431705
ROU,Romania,pop,Population (thousands),1951,16464.00038360409
ROU,Romania,pop,Population (thousands),1952,16630.000354376887
ROU,Romania,pop,Population (thousands),1953,16847.00052639839
ROU,Romania,pop,Population (thousands),1954,17040.000214705364
ROU,Romania,pop,Population (thousands),1955,17325.000099199948
ROU,Romania,pop,Population (thousands),1956,17583.0002653035
ROU,Romania,pop,Population (thousands),1957,17829.325596799805
ROU,Romania,pop,Population (thousands),1958,18055.94699835301
ROU,Romania,pop,Population (thousands),1959,18225.830092966746
ROU,Romania,pop,Population (thousands),1960,18403.414001110996
ROU,Romania,pop,Population (thousands),1961,18566.93151696381
ROU,Romania,pop,Population (thousands),1962,18680.720702922332
ROU,Romania,pop,Population (thousands),1963,18813.130811669413
ROU,Romania,pop,Population (thousands),1964,18927.080293554573
ROU,Romania,pop,Population (thousands),1965,19027.367007485627
ROU,Romania,pop,Population (thousands),1966,19140.783046766737
ROU,Romania,pop,Population (thousands),1967,19284.815417858506
ROU,Romania,pop,Population (thousands),1968,19720.984904217017
ROU,Romania,pop,Population (thousands),1969,20010.177786462027
ROU,Romania,pop,Population (thousands),1970,20252.5412103961
ROU,Romania,pop,Population (thousands),1971,20469.658296401973
ROU,Romania,pop,Population (thousands),1972,20662.648318123596
ROU,Romania,pop,Population (thousands),1973,20827.525311215122
ROU,Romania,pop,Population (thousands),1974,21028.84213685847
ROU,Romania,pop,Population (thousands),1975,21245.10345735976
ROU,Romania,pop,Population (thousands),1976,21445.69721181459
ROU,Romania,pop,Population (thousands),1977,21658.598459090448
ROU,Romania,pop,Population (thousands),1978,21831.87512896345
ROU,Romania,pop,Population (thousands),1979,22001.388541856897
ROU,Romania,pop,Population (thousands),1980,22130.035219174017
ROU,Romania,pop,Population (thousands),1981,22256.55062098114
ROU,Romania,pop,Population (thousands),1982,22356.726643115606
ROU,Romania,pop,Population (thousands),1983,22407.28071806492
ROU,Romania,pop,Population (thousands),1984,22453.787451794095
ROU,Romania,pop,Population (thousands),1985,22521.1954663653
ROU,Romania,pop,Population (thousands),1986,22599.677142999608
ROU,Romania,pop,Population (thousands),1987,22686.370836760452
ROU,Romania,pop,Population (thousands),1988,22768.896675438224
ROU,Romania,pop,Population (thousands),1989,22852.123035410863
ROU,Romania,pop,Population (thousands),1990,22865.945312365977
ROU,Romania,pop,Population (thousands),1991,22825.561060578275
ROU,Romania,pop,Population (thousands),1992,22797.030239270913
ROU,Romania,pop,Population (thousands),1993,22765.7597304307
ROU,Romania,pop,Population (thousands),1994,22733.01869664134
ROU,Romania,pop,Population (thousands),1995,22687.409935175383
ROU,Romania,pop,Population (thousands),1996,22622.47073585373
ROU,Romania,pop,Population (thousands),1997,22557.74012498104
ROU,Romania,pop,Population (thousands),1998,22511.380145695643
ROU,Romania,pop,Population (thousands),1999,22414.430044876473
ROU,Romania,pop,Population (thousands),2000,22262.410121780475
ROU,Romania,pop,Population (thousands),2001,22106.060432545066
ROU,Romania,pop,Population (thousands),2002,21930.789418004177
ROU,Romania,pop,Population (thousands),2003,21828.19038132577
ROU,Romania,pop,Population (thousands),2004,21704.230211129398
ROU,Romania,pop,Population (thousands),2005,21570.50050637176
ROU,Romania,pop,Population (thousands),2006,21443.09058840163
ROU,Romania,pop,Population (thousands),2007,21128.67003633443
ROU,Romania,pop,Population (thousands),2008,20779.4801509652
ROU,Romania,pop,Population (thousands),2009,20607.06048596485
ROU,Romania,pop,Population (thousands),2010,20485.000156313654
ROU,Romania,pop,Population (thousands),2011,20384.699218702688
ROU,Romania,pop,Population (thousands),2012,20296.18903821481
ROU,Romania,pop,Population (thousands),2013,20223.85978577327
ROU,Romania,pop,Population (thousands),2014,20150.769275760715
ROU,Romania,pop,Population (thousands),2015,20055.460463226897
ROU,Romania,pop,Population (thousands),2016,19938.26904411084
ROU,Romania,pop,Population (thousands),2017,19823.43972240112
ROU,Romania,pop,Population (thousands),2018,19713.070376665775
ROU,Romania,pop,Population (thousands),2019,19622.400074335397
ROU,Romania,pop,Population (thousands),2020,19496.170658850446
ROU,Romania,pop,Population (thousands),2021,19351.32023138855
ROU,Romania,pop,Population (thousands),2022,19266.49045267133
